mlp_ratio,sum_mlp_ratio,num_heads,one_layer_heads,sum_num_heads,embed_dim,sum_embed,one_layer_embed,layer_num,dss score,retrain accuracy50,resultfilename,retrain accuracy100,resultfilename2,grasp score,snip score,training time
 16 16 16 8 32 32,120, 6 6 6 6 6 4,6,34, 196 196 196 196 196 196,1176,196,6,1120.445068,56.95,11477133,82.06,11496239,-0.863760352,139.8467712,20:21
 16 16 32 16 16,96, 6 6 4 4 6,6,26, 196 196 196 196 196,980,196,5,1092.850464,60.27,11477265,81.16,11496371,-0.938026428,128.8773499,19:56
 32 32 32 8,104, 6 6 4 6,6,22, 196 196 196 196,784,196,4,1091.773315,47.35,11477445,78.15,11496551,-0.759630263,102.1235962,17:08
 16 16 32 32 8 16 16,136, 6 6 3 3 3 6 3,6,30, 196 196 196 196 196 196 196,1372,196,7,1077.356689,62.34,11477521,84.74,11496627,-7.019181252,324.8972778,24:12:00
 32 32 32 8,104, 6 6 3 3,6,18, 196 196 196 196,784,196,4,1073.045044,46.27,11477508,78.59,11496614,-0.763626158,101.1126251,16:59
 16 8 32 8,64, 6 6 6 6,6,24, 196 196 196 196,784,196,4,1064.262695,52.37,11477346,79.14,11496452,-0.794475675,94.2808609,17:51
 8 16 32 16 32 16 8,128, 6 6 6 4 6 3 4,6,35, 196 196 196 196 196 196 196,1372,196,7,1057.54126,61.17,11477160,84.64,11496266,-4.792768478,276.3561096,23:54
 8 32 16 8,64, 6 6 6 4,6,22, 196 196 196 196,784,196,4,1051.620117,50.74,11477278,78.22,11496384,-0.654671371,96.66746521,16:40
 8 32 8 32,80, 6 6 6 6,6,24, 196 196 196 196,784,196,4,1046.081299,57.65,11477545,76.97,11496651,-1.106494427,99.42446136,17:04
 32 8 16 16 8 16,96, 6 6 4 6 6 3,6,31, 196 196 196 196 196 196,1176,196,6,1044.272217,63.2,11477203,84.13,11496309,-0.728798509,137.119812,22:04
 8 8 8 32 8 32 8,104, 6 6 6 6 6 4 6,6,40, 196 196 196 196 196 196 196,1372,196,7,997.6916504,62.89,11477312,83.66,11496418,-5.525511742,263.4714661,22:40
 16 16 32 16,80, 6 4 6 6,6,22, 196 196 196 196,784,196,4,987.0985718,57.64,11477513,79.23,11496619,-1.188047647,119.5719604,20:15
 16 32 16 8,72, 6 4 6 6,6,22, 196 196 196 196,784,196,4,985.2008667,46.83,11477329,78.38,11496435,-0.882110417,102.4157181,19:06
 16 16 32 8 32 16,120, 6 4 6 4 3 4,6,27, 196 196 196 196 196 196,1176,196,6,983.6149902,58.74,11477349,82.75,11496455,-0.871295989,138.2590637,22:57
 16 32 16 32,96, 6 4 6 4,6,20, 196 196 196 196,784,196,4,982.8071899,59.18,11477075,78.44,11496181,-1.156610489,118.8816833,15:06
 16 32 8 16 8,80, 6 4 6 6 4,6,26, 196 196 196 196 196,980,196,5,978.2451782,62.59,11477532,80.54,11496638,-1.121880889,112.2490921,21:20
 32 32 8 32 8,112, 6 4 6 6 3,6,25, 196 196 196 196 196,980,196,5,977.8408203,60.44,11477258,79.58,11496364,-1.13149786,112.1453934,18:36
 16 16 16 16 8 8,80, 6 4 4 4 4 3,6,25, 196 196 196 196 196 196,1176,196,6,960.3347168,61.45,11477089,82.4,11496195,-0.835083961,133.4683228,18:04
 16 32 16 8 8 32,112, 6 4 4 3 4 3,6,24, 196 196 196 196 196 196,1176,196,6,956.2581787,61.18,11477429,84.03,11496535,-0.763468504,129.7485046,19:52
 32 32 32 32 8 8,144, 4 6 6 6 4 4,4,30, 196 196 196 196 196 196,1176,196,6,952.486145,59.22,11477485,83.01,11496591,-0.941905558,135.7058716,21:01
 16 16 16 8 16 32 16,120, 4 6 6 6 4 4 3,4,33, 196 196 196 196 196 196 196,1372,196,7,951.2769775,57.08,11477167,84.73,11496273,-7.643854141,324.9269104,24:34:00
 16 16 16 16,64, 6 4 3 4,6,17, 196 196 196 196,784,196,4,945.7493286,58.28,11477518,78.9,11496624,-1.043240786,117.6308746,16:30
 32 16 32 8 8 32 8,136, 6 4 3 3 3 6 4,6,29, 196 196 196 196 196 196 196,1372,196,7,944.0470581,60.32,11477078,84.74,11496184,-6.060107231,269.1949768,19:58
 16 8 32 16 8,80, 6 4 6 4 4,6,24, 196 196 196 196 196,980,196,5,933.7974854,58.74,11477224,80.99,11496330,-0.902238488,117.3321457,20:40
 32 32 8 16,88, 4 6 6 3,4,19, 196 196 196 196,784,196,4,932.3632813,59.67,11477501,77.82,11496607,-1.347271919,106.5343475,16:25
 32 16 32 16 16,112, 6 3 6 6 6,6,27, 196 196 196 196 196,980,196,5,926.7945557,56.06,11477085,81.02,11496191,-1.106321573,130.6045837,17:15
 32 8 8 16 32 16,112, 6 4 6 4 6 4,6,30, 196 196 196 196 196 196,1176,196,6,924.6741333,62.15,11477376,83.44,11496482,-1.16749692,136.8837891,23:27
 16 16 8 16 32 16 16,120, 4 6 4 4 6 6 3,4,33, 196 196 196 196 196 196 196,1372,196,7,914.1304321,62.92,11477374,84.54,11496480,-8.178283691,330.7007141,25:58:00
 32 32 8 8,80, 4 6 4 6,4,20, 196 196 196 196,784,196,4,912.4818726,52.7,11477491,74.99,11496597,-1.04073,91.57968903,15:29
 32 8 32 16,88, 6 4 4 6,6,20, 196 196 196 196,784,196,4,910.6749268,59.02,11477285,79.5,11496391,-0.960809708,112.4797745,17:07
 8 16 8 16,48, 6 4 6 4,6,20, 196 196 196 196,784,196,4,906.0585938,59.43,11477324,76.86,11496430,-1.149475694,98.52521515,16:14
 32 32 8 8 16 8,104, 4 6 3 6 3 6,4,28, 196 196 196 196 196 196,1176,196,6,903.1135254,64.11,11477266,82.51,11496372,-1.066069245,122.5846405,22:48
 16 8 16 32 8 8 32,120, 4 6 6 6 3 3 3,4,31, 196 196 196 196 196 196 196,1372,196,7,899.9147339,64.12,11477277,82.93,11496383,-6.627603531,316.0475769,23:43
 8 32 16 16 32,104, 4 6 6 6 6,4,28, 196 196 196 196 196,980,196,5,898.2393799,61.87,11477360,80.9,11496466,-0.890905857,124.2735596,20:40
 16 32 8 16,72, 4 6 3 4,4,17, 196 196 196 196,784,196,4,897.9083862,59.65,11477231,79.09,11496337,-1.307262182,105.5881042,16:41
 16 16 8 8 32 32,112, 4 6 3 3 6 3,4,25, 196 196 196 196 196 196,1176,196,6,897.6972656,62.04,11477387,82.5,11496493,-1.136879206,131.1990967,20:04
 8 16 16 16 32,88, 4 6 6 6 4,4,26, 196 196 196 196 196,980,196,5,897.3970337,62.4,11477454,80.48,11496560,-0.895082474,124.1619034,19:03
 32 32 32 32 32 8,168, 6 3 4 4 4 4,6,25, 196 196 196 196 196 196,1176,196,6,897.0437012,63.45,11477477,82.58,11496583,-0.888418317,141.0480804,21:23
 16 16 32 16 16 32,128, 6 3 4 4 4 3,6,24, 196 196 196 196 196 196,1176,196,6,897.0406494,62.72,11477415,85.17,11496521,-0.938155413,149.2558136,22:30
 32 8 32 16 8 8,104, 4 6 6 4 3 4,4,27, 196 196 196 196 196 196,1176,196,6,895.6063843,61.42,11477194,82.23,11496300,-0.819324672,129.884613,21:14
 16 32 32 8 16 8,112, 6 3 4 4 3 6,6,26, 196 196 196 196 196 196,1176,196,6,894.8804321,59.31,11477487,82.05,11496593,-0.869415224,131.4740295,19:37
 8 16 32 32 16 8,112, 6 4 4 3 4 3,6,24, 196 196 196 196 196 196,1176,196,6,893.4425659,64.95,11477328,83.22,11496434,-0.88958025,134.705368,24:22:00
 32 32 8 8 16 32,128, 6 3 4 6 4 3,6,26, 196 196 196 196 196 196,1176,196,6,888.4453735,59.6,11477514,83.39,11496620,-1.070349455,131.4364014,21:51
 8 16 32 32,88, 6 4 3 6,6,19, 196 196 196 196,784,196,4,884.9908447,57.18,11477242,79.61,11496348,-1.028401494,111.8289871,17:34
 8 32 8 32 32,112, 6 4 4 4 3,6,21, 196 196 196 196 196,980,196,5,883.6721802,63.7,11477168,80.69,11496274,-1.036709189,109.9947891,18:42
 16 16 32 8,72, 6 3 3 3,6,15, 196 196 196 196,784,196,4,877.8132324,46.45,11477111,78.48,11496217,-0.811521411,101.1355362,14:13
 16 8 32 32 8,96, 4 6 4 4 6,4,24, 196 196 196 196 196,980,196,5,871.4554443,59.96,11477481,82.24,11496587,-0.733282566,118.3944931,18:59
 16 8 16 16 8,64, 4 6 4 4 3,4,21, 196 196 196 196 196,980,196,5,870.2047119,61.52,11477516,81.75,11496622,-0.733552575,118.1665878,21:00
 8 32 32 8 16 32 8,136, 4 6 4 4 3 6 4,4,31, 196 196 196 196 196 196 196,1372,196,7,867.2820435,60.55,11477461,83.96,11496567,-4.598601818,263.9454346,23:27
 16 8 16 8 8,56, 4 6 3 6 6,4,25, 196 196 196 196 196,980,196,5,861.9957886,56.7,11477271,80.23,11496377,-0.626972258,101.2443848,19:01
 32 16 16 32 8 16 8,128, 3 6 4 6 6 4 6,3,35, 196 196 196 196 196 196 196,1372,196,7,857.083374,63.26,11477274,84.14,11496380,-4.894474983,293.6472778,25:34:00
 8 32 16 16 32 8 8,120, 4 6 3 3 4 4 6,4,30, 196 196 196 196 196 196 196,1372,196,7,855.184021,60.15,11477121,82.89,11496227,-5.827131748,290.688446,22:16
 16 16 16 32 8,88, 3 6 4 3 6,3,22, 196 196 196 196 196,980,196,5,849.9710083,55.39,11477095,81.19,11496201,-0.670690298,122.039917,16:03
 16 16 8 16 16,72, 3 6 4 6 6,3,25, 196 196 196 196 196,980,196,5,845.7128906,63.93,11477154,80.86,11496260,-1.104469299,116.6377258,20:20
 8 16 8 16 32,80, 6 3 6 4 3,6,22, 196 196 196 196 196,980,196,5,842.5333862,62.13,11477232,80.72,11496338,-1.045496225,111.2990799,20:13
 8 8 32 16 8 32,104, 6 4 4 3 4 6,6,27, 196 196 196 196 196 196,1176,196,6,841.8156128,62.67,11477250,83.65,11496356,-0.678821683,130.8279419,20:42
 8 8 16 8,40, 4 6 6 6,4,22, 196 196 196 196,784,196,4,840.7692871,54.5,11477297,78.86,11496403,-0.641047895,89.10842133,16:04
 8 8 32 32 16,96, 4 6 6 3 3,4,22, 196 196 196 196 196,980,196,5,838.2845459,63.87,11477146,81.12,11496252,-0.92237401,118.4575882,22:17
 16 8 8 32 16 8 16,104, 6 3 4 3 3 4 4,6,27, 196 196 196 196 196 196 196,1372,196,7,831.0388184,57.82,11477211,83.4,11496317,-10.36408043,332.663208,22:25
 32 16 8 32 32 8,128, 3 6 3 4 3 4,3,23, 196 196 196 196 196 196,1176,196,6,828.5266113,63.56,11477269,82.71,11496375,-1.077279329,128.4138489,21:24
 8 16 32 8 8 32 32,136, 3 6 6 3 4 3 3,3,28, 196 196 196 196 196 196 196,1372,196,7,818.7692871,59.43,11477179,84.79,11496285,-7.117861271,312.1844177,22:42
 8 16 8 32 16 32,112, 6 3 4 4 3 4,6,24, 196 196 196 196 196 196,1176,196,6,818.3106079,66.95,11477522,84.22,11496628,-0.900617003,134.1785583,22:09
 8 32 8 16 16 8,88, 6 3 4 3 6 6,6,28, 196 196 196 196 196 196,1176,196,6,817.3705444,65.64,11477468,84.64,11496574,-0.934669733,125.5054016,20:18
 8 16 32 8 32,96, 3 6 4 6 6,3,25, 196 196 196 196 196,980,196,5,801.5814209,55.58,11477169,81.12,11496275,-0.681447208,110.4027786,20:36
 16 32 16 32,96, 4 4 4 6,4,18, 196 196 196 196,784,196,4,796.1030273,58.32,11477296,79,11496402,-1.111573458,119.7642746,17:23
 32 8 32 16 32 8 32,160, 3 6 3 6 3 3 6,3,30, 196 196 196 196 196 196 196,1372,196,7,792.3323364,62.43,11477279,83.72,11496385,-7.464063168,359.3273926,25:09:00
 16 8 32 8 8 32 32,136, 3 6 3 6 6 6 6,3,36, 196 196 196 196 196 196 196,1372,196,7,791.6624756,57.16,11477166,84.52,11496272,-6.760396004,337.0804138,24:48:00
 16 8 32 8 32 16 32,144, 3 6 3 6 4 3 4,3,29, 196 196 196 196 196 196 196,1372,196,7,790.993042,61.11,11477294,84.09,11496400,-7.17090559,325.8421631,25:05:00
 16 32 16 16 32 8,120, 4 4 3 6 3 3,4,23, 196 196 196 196 196 196,1176,196,6,786.5244751,62.49,11477254,83.03,11496360,-1.057807922,141.8392639,24:01:00
 16 8 8 32 32 16 32,144, 3 6 3 6 3 3 3,3,27, 196 196 196 196 196 196 196,1372,196,7,781.1760864,61.11,11477425,83.85,11496531,-6.473751068,315.3934326,26:16:00
 16 32 8 32,88, 4 4 4 4,4,16, 196 196 196 196,784,196,4,780.8427734,59.5,11477264,79.53,11496370,-1.304337382,105.3015137,17:22
 32 32 8 16,88, 4 4 4 4,4,16, 196 196 196 196,784,196,4,780.8427734,59.5,11477400,79.52,11496506,-1.304337502,105.3015137,17:27
 8 8 32 16 16 16,96, 6 3 3 4 4 4,6,24, 196 196 196 196 196 196,1176,196,6,766.010376,64.65,11477383,82.72,11496489,-0.867174208,138.1670227,23:08
 8 8 8 32 32,88, 6 3 4 3 3,6,19, 196 196 196 196 196,980,196,5,763.3463135,62.98,11477303,79.91,11496409,-0.978272438,103.9690857,19:48
 8 16 16 32 16 32 32,152, 4 4 6 3 6 4 3,4,30, 196 196 196 196 196 196 196,1372,196,7,757.1264648,62.54,11477543,83.01,11496649,-6.399920464,323.7853394,26:36:00
 16 32 8 16 8 32,112, 4 3 6 4 4 4,4,25, 196 196 196 196 196 196,1176,196,6,743.807373,64.34,11477159,83.98,11496265,-1.454912186,133.665863,23:29
 16 16 8 8,48, 3 4 6 6,3,19, 196 196 196 196,784,196,4,735.9552002,54.76,11477395,75.89,11496501,-1.069308519,90.60665131,18:23
 32 32 32 32 8 8 8,152, 4 3 4 6 4 3 4,4,28, 196 196 196 196 196 196 196,1372,196,7,734.0402832,61.03,11477330,83.1,11496436,-6.838650703,285.8404846,23:56
 32 32 16 16 8 32 8,144, 4 3 4 6 3 4 3,4,27, 196 196 196 196 196 196 196,1372,196,7,733.779541,61.68,11477209,83.86,11496315,-6.168629646,268.3479614,23:12
 8 32 32 16 32,120, 4 4 4 3 4,4,19, 196 196 196 196 196,980,196,5,731.1784668,58.82,11477486,81.3,11496592,-0.936084807,121.4666519,21:45
 32 32 16 8,88, 4 3 4 6,4,17, 196 196 196 196,784,196,4,729.6699829,46.73,11477540,78.16,11496646,-0.864178658,102.3568344,19:32
 8 8 32 8,56, 3 6 3 3,3,15, 196 196 196 196,784,196,4,728.1269531,51.66,11477352,78.92,11496458,-0.666603267,86.6824646,17:30
 32 16 32 8 32 32,152, 4 3 4 3 6 4,4,24, 196 196 196 196 196 196,1176,196,6,726.9291382,57.54,11477196,83.84,11496302,-0.932258844,139.8787384,21:47
 32 8 32 8,80, 4 4 3 4,4,15, 196 196 196 196,784,196,4,726.3217163,50.68,11477534,77.33,11496640,-0.69060564,92.02056122,17:35
 16 8 16 16,56, 4 4 3 3,4,14, 196 196 196 196,784,196,4,725.9432373,56.83,11477439,78.78,11496545,-0.999578953,111.638649,19:42
 8 32 32 8 8 8 8,104, 4 4 3 6 4 6 4,4,31, 196 196 196 196 196 196 196,1372,196,7,724.0489502,61.47,11477314,83.94,11496420,-5.80724144,260.7177734,22:16
 16 16 16 32 16 8,104, 3 4 4 3 3 3,3,20, 196 196 196 196 196 196,1176,196,6,719.6063843,60.59,11477515,82.66,11496621,-0.89225626,139.7289124,21:14
 16 8 8 8,40, 4 4 3 4,4,15, 196 196 196 196,784,196,4,715.4735718,54.38,11477408,73.77,11496514,-0.883920491,80.80864716,16:29
 16 32 16 8 16 16 16,120, 4 3 3 3 3 3 3,4,22, 196 196 196 196 196 196 196,1372,196,7,713.7094727,59.41,11477139,84.92,11496245,-7.708694458,320.539032,23:29
 16 16 16 8 32 8 16,112, 3 4 3 6 4 3 3,3,26, 196 196 196 196 196 196 196,1372,196,7,712.8532715,48.46,11477351,84.02,11496457,-9.621406555,321.4356689,23:52
 32 16 8 32,88, 3 4 4 6,3,17, 196 196 196 196,784,196,4,712.7930298,60.34,11477304,78.22,11496410,-1.233346224,105.1762924,17:43
 16 16 32 32 32 8 32,168, 3 4 3 4 6 6 4,3,30, 196 196 196 196 196 196 196,1372,196,7,711.4196167,60.75,11477273,83.48,11496379,-9.19102478,349.8495789,26:00:00
 16 32 8 16 8,80, 4 3 3 6 3,4,19, 196 196 196 196 196,980,196,5,710.4366455,62.36,11477093,80.25,11496199,-1.134465814,111.5694962,15:42
 16 16 32 16 8 16,104, 3 4 3 4 3 4,3,21, 196 196 196 196 196 196,1176,196,6,709.5562134,63.97,11477172,84.41,11496278,-0.963371992,140.6918335,21:01
 16 16 32 8,72, 3 4 3 3,3,13, 196 196 196 196,784,196,4,703.3352661,46.69,11477547,78.71,11496653,-0.726339757,99.29402924,17:25
 16 8 8 16 16 8,72, 4 3 6 6 6 6,4,31, 196 196 196 196 196 196,1176,196,6,697.7301636,68.09,11477370,82.45,11496476,-1.172804952,126.7568665,21:20
 16 8 16 32 16 32,120, 3 4 6 4 4 6,3,27, 196 196 196 196 196 196,1176,196,6,696.8978882,62,11477448,84.05,11496554,-0.895575762,146.1231537,23:21
 32 16 8 32,88, 3 4 3 4,3,14, 196 196 196 196,784,196,4,696.4606934,59.62,11477067,78.92,11496173,-1.227407694,103.7787018,13:46
 16 8 16 16 16,72, 3 4 6 3 6,3,22, 196 196 196 196 196,980,196,5,694.8706665,57.73,11477228,81.37,11496334,-0.900122643,123.2415161,21:44
 8 32 16 32 32,120, 3 4 6 4 6,3,23, 196 196 196 196 196,980,196,5,688.491272,58.98,11477290,81.48,11496396,-0.997370183,121.6196976,18:53
 8 16 32 16,72, 4 3 6 4,4,17, 196 196 196 196,784,196,4,688.4658813,57.19,11477333,79.98,11496439,-1.114517927,111.2809219,18:42
 8 32 32 8,80, 3 4 6 6,3,19, 196 196 196 196,784,196,4,687.4663696,49.03,11477494,77.95,11496600,-0.771080971,94.78627014,15:54
 32 8 8 8 8 8,72, 3 4 6 6 3 3,3,25, 196 196 196 196 196 196,1176,196,6,687.3567505,61.6,11477414,83.06,11496520,-0.843764365,106.7118073,18:40
 8 32 16 8 16 32,112, 3 4 6 4 6 6,3,29, 196 196 196 196 196 196,1176,196,6,687.1735229,62.11,11477210,82.06,11496316,-0.821471095,135.1939392,23:39
 16 8 8 32 8,72, 3 4 6 3 3,3,19, 196 196 196 196 196,980,196,5,682.2401123,61.59,11477182,78.91,11496288,-0.948083639,104.9456253,17:50
 32 16 16 8 16,88, 3 3 6 3 6,3,21, 196 196 196 196 196,980,196,5,678.2398071,56.5,11477433,80.14,11496539,-0.887931526,114.6129456,18:01
 32 8 32 32,104, 4 3 4 3,4,14, 196 196 196 196,784,196,4,672.6733398,57.99,11477424,79.69,11496530,-0.981156945,111.2644958,14:52
 32 32 8 32 8 8,120, 3 3 6 4 3 6,3,25, 196 196 196 196 196 196,1176,196,6,670.3279419,64.26,11477299,83.97,11496405,-1.180852175,123.5543137,22:29
 32 8 16 32 8 8,104, 4 3 3 6 4 4,4,24, 196 196 196 196 196 196,1176,196,6,669.9716797,59.98,11477087,82.28,11496193,-0.87058115,128.1156921,17:34
 32 8 8 32,80, 4 3 4 6,4,17, 196 196 196 196,784,196,4,668.5055542,54.73,11477197,76.95,11496303,-1.239343643,100.1598816,17:55
 8 16 16 32 16,88, 4 3 4 4 6,4,21, 196 196 196 196 196,980,196,5,667.1878662,60.4,11477129,82.11,11496235,-0.939768732,122.5858688,17:27
 8 8 32 16 8,72, 4 4 3 3 4,4,18, 196 196 196 196 196,980,196,5,667.1699219,55.46,11477533,80.97,11496639,-0.855257154,109.9882507,17:01
 16 8 16 8 16 32 8,104, 4 3 3 4 4 4 4,4,26, 196 196 196 196 196 196 196,1372,196,7,664.2838745,62.86,11477384,84.25,11496490,-6.830670357,265.5927124,22:10
 32 32 16 32 16 16 32,176, 3 3 4 6 4 6 4,3,30, 196 196 196 196 196 196 196,1372,196,7,661.4793091,57.74,11477235,84.15,11496341,-7.587432861,350.1719666,24:48:00
 8 16 8 16 32,80, 4 3 4 6 6,4,23, 196 196 196 196 196,980,196,5,660.480835,63.49,11477259,80.45,11496365,-1.015513897,109.9447632,19:48
 32 8 8 16,64, 3 4 4 4,3,15, 196 196 196 196,784,196,4,657.2879028,58.74,11477325,77.4,11496431,-1.125965238,98.93449402,17:39
 32 32 16 8,88, 3 3 4 6,3,16, 196 196 196 196,784,196,4,656.3088379,47.71,11477510,78.08,11496616,-0.800869346,100.949852,16:49
 8 16 16 32,72, 4 3 3 6,4,16, 196 196 196 196,784,196,4,656.2852783,55.99,11477452,79.58,11496558,-0.989147007,110.6452179,16:03
 8 32 16 16,72, 3 4 3 6,3,16, 196 196 196 196,784,196,4,652.751709,58.54,11477251,79.53,11496357,-0.930930912,109.1495285,16:18
 32 32 32 8 16,120, 3 3 4 3 3,3,16, 196 196 196 196 196,980,196,5,651.8013916,55.34,11477536,80.24,11496642,-0.858198166,113.5855865,21:41
 32 32 16 32 32 16 16,176, 3 3 3 6 6 3 3,3,27, 196 196 196 196 196 196 196,1372,196,7,650.1661377,58.54,11477142,84.42,11496248,-7.418691635,333.2070313,24:35:00
 16 16 32 16 8 16,104, 3 3 3 6 4 6,3,25, 196 196 196 196 196 196,1176,196,6,649.0614624,64.09,11477479,83.38,11496585,-1.064771652,143.0553131,24:13:00
 8 32 16 16 8,80, 3 4 3 3 4,3,17, 196 196 196 196 196,980,196,5,648.2728882,57.12,11477190,81.49,11496296,-0.740452349,114.0550842,18:07
 16 16 32 8 8 32 16,128, 3 3 3 6 6 4 6,3,31, 196 196 196 196 196 196 196,1372,196,7,647.9768066,60.87,11477334,84.2,11496440,-7.881724358,345.4495239,24:17:00
 8 16 32 8 16 16,96, 3 4 3 3 3 3,3,19, 196 196 196 196 196 196,1176,196,6,646.7302246,62.7,11477435,83.03,11496541,-0.793722808,132.3882446,23:38
 16 16 8 32 16 32 32,152, 3 3 3 6 3 3 3,3,24, 196 196 196 196 196 196 196,1372,196,7,638.0447998,63.01,11477276,85.4,11496382,-7.565634727,323.7703552,25:39:00
 16 32 8 32 16,104, 3 3 3 4 4,3,17, 196 196 196 196 196,980,196,5,633.5655518,63.2,11477130,80.54,11496236,-1.118486881,114.8299789,20:16
 32 8 8 16 8 32,104, 3 3 6 6 6 3,3,27, 196 196 196 196 196 196,1176,196,6,624.7199097,65.29,11477321,83.65,11496427,-1.186134338,127.4172897,22:56
 8 8 16 16,48, 3 4 4 6,3,17, 196 196 196 196,784,196,4,613.6970215,59.85,11477493,80.83,11496599,-0.986854076,104.2670059,16:04
 8 32 8 16 8 32 32,136, 3 3 6 6 3 4 3,3,28, 196 196 196 196 196 196 196,1372,196,7,612.5777588,64.92,11477247,84.05,11496353,-6.767473221,304.4157715,24:55:00
 8 32 8 8,56, 3 3 6 6,3,18, 196 196 196 196,784,196,4,608.3516846,51.89,11477064,76.38,11496170,-0.92761755,83.60407257,12:32
 32 8 16 8 32,96, 3 3 4 4 6,3,20, 196 196 196 196 196,980,196,5,603.7093506,57.34,11477115,80.31,11496221,-0.730338097,106.983139,15:27
 8 32 32 16 32,120, 3 3 4 6 3,3,19, 196 196 196 196 196,980,196,5,598.4989014,61.67,11477388,81.48,11496494,-0.878731728,122.1653976,18:49
 8 8 16 8 32 16,88, 3 4 3 3 6 6,3,25, 196 196 196 196 196 196,1176,196,6,597.3220215,63.39,11477385,83.55,11496491,-0.764831901,128.8022003,19:52
 8 16 32 32 16 32 32,168, 3 3 4 3 4 6 3,3,26, 196 196 196 196 196 196 196,1372,196,7,593.0250244,62.79,11477079,84.15,11496185,-5.966370106,325.5970459,21:16
 32 8 16 16 16 32,120, 3 3 3 3 6 3,3,21, 196 196 196 196 196 196,1176,196,6,591.9221802,64.67,11477295,84.1,11496401,-0.887014627,143.63591,23:19
 32 8 32 32 32 16,152, 3 3 3 3 4 4,3,20, 196 196 196 196 196 196,1176,196,6,591.1641235,65.76,11477336,83.94,11496442,-0.904050231,143.5764008,23:23
 32 8 32 32,104, 3 3 3 4,3,13, 196 196 196 196,784,196,4,590.3557739,56.4,11477213,79.01,11496319,-0.858762026,109.6234894,19:25
 32 8 8 8,56, 3 3 4 3,3,13, 196 196 196 196,784,196,4,587.2134399,55.1,11477098,75.75,11496204,-0.824443817,80.27075958,12:29
 8 32 16 16 32 8 16,128, 3 3 3 3 6 6 4,3,28, 196 196 196 196 196 196 196,1372,196,7,582.046814,64,11477063,83.32,11496169,-8.272855759,338.787262,20:13
 8 32 16 32 16,104, 3 3 3 3 3,3,15, 196 196 196 196 196,980,196,5,580.0997314,64.87,11477284,81.09,11496390,-0.81889987,120.5768356,20:11
 8 8 32 8,56, 3 3 6 3,3,15, 196 196 196 196,784,196,4,562.048584,52.06,11477260,79.24,11496366,-0.744756341,86.1084671,17:51
 8 8 32 32 16 8 32,136, 3 3 3 4 4 4 3,3,24, 196 196 196 196 196 196 196,1372,196,7,532.0065918,64.73,11477223,83.33,11496329,-7.000827789,310.241333,21:55
 32 32 8 16,88, 6 6 4 6,6,22, 128 128 128 128,512,128,4,475.302948,42.9,11477369,77.81,11496475,-0.440708041,50.34083557,14:18
 16 32 16 16,80, 6 6 6 3,6,21, 128 128 128 128,512,128,4,470.3066406,48.38,11477379,79.09,11496485,-0.445768088,51.29885483,15:22
 16 32 8 16 16 16,104, 6 6 3 6 4 4,6,29, 128 128 128 128 128 128,768,128,6,454.1846619,49.27,11477059,81.42,11496165,-0.308451444,65.09313202,13:02
 8 32 16 16,72, 6 6 6 6,6,24, 128 128 128 128,512,128,4,448.6390381,50.11,11477451,78.3,11496557,-0.451436579,49.6057663,12:11
 32 32 32 16,112, 6 4 3 6,6,19, 128 128 128 128,512,128,4,425.3329468,44.47,11477416,78.85,11496522,-0.376131564,57.51059341,16:18
 16 8 16 16 8,64, 6 6 4 6 6,6,28, 128 128 128 128 128,640,128,5,425.0600586,49.91,11477430,79.1,11496536,-0.482799232,49.27127838,17:05
 8 16 8 8 32 8 16,96, 6 6 4 6 3 3 6,6,34, 128 128 128 128 128 128 128,896,128,7,414.9280396,51.65,11477128,81.69,11496234,-4.469175816,151.2843781,18:02
 32 32 8 16 16 32 32,168, 4 6 3 4 6 6 4,4,33, 128 128 128 128 128 128 128,896,128,7,406.4678955,40.83,11477458,82.96,11496564,-3.599642277,164.5299835,17:19
 8 8 16 8 32 16,88, 6 6 4 6 3 3,6,28, 128 128 128 128 128 128,768,128,6,401.8598022,49.33,11477347,80.16,11496453,-0.421113044,62.78904724,17:31
 8 8 32 8,56, 6 6 4 3,6,19, 128 128 128 128,512,128,4,400.6802979,43.83,11477175,77.88,11496281,-0.447318494,43.62427139,12:00
 32 16 16 32 8 8 16,128, 6 4 3 3 3 4 4,6,27, 128 128 128 128 128 128 128,896,128,7,400.4517517,48.17,11477086,83.42,11496192,-4.320759773,151.5081177,14:12
 32 32 32 16 32,144, 6 3 3 4 4,6,20, 128 128 128 128 128,640,128,5,400.4282532,49,11477305,80.56,11496411,-0.469535649,67.35648346,15:38
 16 16 16 16 8,72, 6 4 6 6 3,6,25, 128 128 128 128 128,640,128,5,400.2683716,46.45,11477141,80.01,11496247,-0.434189588,51.21275711,16:20
 8 8 8 32 16 8 16,96, 6 6 4 6 3 3 6,6,34, 128 128 128 128 128 128 128,896,128,7,398.7460022,51.1,11477541,81.89,11496647,-4.138595581,144.2819672,16:53
 32 16 32 16 16 16 32,160, 6 3 6 6 3 3 4,6,31, 128 128 128 128 128 128 128,896,128,7,398.0571899,41,11477096,83.09,11496202,-3.580622196,171.2102203,15:46
 32 32 32 8 8 8,120, 3 6 6 4 4 4,3,27, 128 128 128 128 128 128,768,128,6,395.9022217,47.79,11477526,81.79,11496632,-0.284917653,62.56663895,18:47
 16 16 32 16 32,112, 4 6 6 6 3,4,25, 128 128 128 128 128,640,128,5,393.458252,48.66,11477077,80.99,11496183,-0.496005118,62.54523849,12:03
 32 16 8 16 32 16,120, 6 3 6 4 6 3,6,28, 128 128 128 128 128 128,768,128,6,389.8710327,53.83,11477062,81.36,11496168,-0.249821067,68.56903839,13:06
 16 16 32 32 8,104, 6 4 3 6 3,6,22, 128 128 128 128 128,640,128,5,387.8299866,48.87,11477148,81.85,11496254,-0.421223402,60.24531174,16:46
 32 32 32 16 8,120, 3 6 4 6 6,3,25, 128 128 128 128 128,640,128,5,387.3869324,40.77,11477504,82.04,11496610,-0.353183717,60.48303604,14:49
 32 8 8 32 32 16,128, 6 4 4 4 6 6,6,30, 128 128 128 128 128 128,768,128,6,386.6878357,54.96,11477065,82.08,11496171,-0.293759912,69.79875183,13:35
 16 16 8 16 8,64, 6 4 4 6 3,6,23, 128 128 128 128 128,640,128,5,384.8816833,49.69,11477195,78.91,11496301,-0.310015351,46.29639435,18:02
 8 32 32 8,80, 6 4 3 6,6,19, 128 128 128 128,512,128,4,380.8574829,40.18,11477104,77,11496210,-0.341448396,50.29486084,10:22
 32 32 32 8 16 8,128, 3 6 3 4 6 4,3,26, 128 128 128 128 128 128,768,128,6,380.4033508,45.37,11477447,81.45,11496553,-0.311516404,65.81291199,15:41
 16 32 8 32 16,104, 6 3 4 4 6,6,23, 128 128 128 128 128,640,128,5,380.1932373,50.4,11477342,81.25,11496448,-0.325083435,56.61804962,15:54
 32 8 16 32 32,120, 4 6 4 4 4,4,22, 128 128 128 128 128,640,128,5,379.239563,46.75,11477124,79.72,11496230,-0.441483229,61.87720871,13:55
 32 32 32 16 32 8 32,184, 4 4 6 3 6 6 4,4,33, 128 128 128 128 128 128 128,896,128,7,377.0406189,41.56,11477173,82.05,11496279,-4.138905525,175.6650696,20:03
 16 8 32 16 16 32 8,128, 6 4 4 6 3 3 6,6,32, 128 128 128 128 128 128 128,896,128,7,374.8458557,47.6,11477459,82.4,11496565,-2.678070068,128.3667755,20:29
 16 16 8 16 32 8,96, 6 3 6 3 3 6,6,27, 128 128 128 128 128 128,768,128,6,369.645874,57.41,11477280,81.13,11496386,-0.320605338,59.6930275,17:35
 8 32 16 32 32,120, 6 3 6 4 4,6,23, 128 128 128 128 128,640,128,5,368.9361572,51.11,11477291,82,11496397,-0.446941376,62.65494919,15:55
 16 32 32 8 16,104, 3 6 4 6 3,3,22, 128 128 128 128 128,640,128,5,367.9452209,45.85,11477335,79.61,11496441,-0.416593939,59.58119202,14:56
 32 8 16 32 8 32 16,144, 6 3 3 6 4 6 6,6,34, 128 128 128 128 128 128 128,896,128,7,363.6126709,47.35,11477437,82.59,11496543,-3.598969698,155.266861,18:28
 16 32 16 16,80, 3 6 4 4,3,17, 128 128 128 128,512,128,4,362.7019958,43.37,11477207,77.75,11496313,-0.423633665,50.69414902,13:32
 32 8 32 32,104, 6 3 3 3,6,15, 128 128 128 128,512,128,4,362.5187683,47.59,11477460,78.83,11496566,-0.428740889,58.14858246,13:54
 8 16 8 16,48, 4 6 6 4,4,20, 128 128 128 128,512,128,4,361.0839233,48.75,11477373,75.86,11496479,-0.397218645,40.78261185,14:46
 32 32 8 32 16 16 8,144, 4 4 4 3 3 4 3,4,25, 128 128 128 128 128 128 128,896,128,7,358.8221741,49.44,11477292,82.05,11496398,-2.599682093,116.1266479,19:27
 32 32 16 32 32 32,176, 4 4 3 3 4 3,4,21, 128 128 128 128 128 128,768,128,6,358.1896667,54.71,11477318,83.48,11496424,-0.350479186,78.35005188,18:29
 16 32 32 32 32 8,152, 4 4 6 3 4 3,4,24, 128 128 128 128 128 128,768,128,6,357.4628296,57.26,11477151,81.5,11496257,-0.387087524,72.55182648,16:15
 16 16 16 16 8 32,104, 3 6 6 4 6 6,3,31, 128 128 128 128 128 128,768,128,6,356.4194641,49.99,11477289,81.83,11496395,-0.399975538,64.82249451,18:05
 8 16 16 32 32 16 32,152, 4 6 4 4 3 3 4,4,28, 128 128 128 128 128 128 128,896,128,7,355.6879578,40.8,11477184,81.76,11496290,-4.007665634,163.2467957,16:38
 8 16 16 8,48, 6 4 3 3,6,16, 128 128 128 128,512,128,4,355.3695374,40.25,11477499,76.15,11496605,-0.434579313,41.20858002,15:09
 16 8 8 32 16 8,88, 4 6 3 6 4 4,4,27, 128 128 128 128 128 128,768,128,6,353.3907776,48.68,11477434,79.38,11496540,-0.431476295,57.02257538,15:41
 8 16 32 8 32,96, 4 6 3 4 3,4,20, 128 128 128 128 128,640,128,5,352.4292297,42.7,11477135,80.55,11496241,-0.390913785,56.40942764,12:48
 16 32 8 8 8 32,104, 4 4 6 6 4 3,4,27, 128 128 128 128 128 128,768,128,6,351.9916687,53.64,11477446,82.11,11496552,-0.302407891,59.62013245,18:40
 8 8 16 32 32 16 16,128, 4 6 6 6 3 4 3,4,32, 128 128 128 128 128 128 128,896,128,7,351.9136963,50.22,11477092,83.26,11496198,-2.972953558,140.1238251,14:13
 8 32 8 32,80, 6 3 4 3,6,16, 128 128 128 128,512,128,4,351.3623047,49.59,11477069,77.53,11496175,-0.385773599,48.20821762,10:04
 8 16 8 8,40, 6 4 3 3,6,16, 128 128 128 128,512,128,4,351.3383789,48.44,11477137,76.38,11496243,-0.435311705,37.22568893,12:59
 8 32 16 16 16 32 8,128, 6 3 3 3 4 4 6,6,29, 128 128 128 128 128 128 128,896,128,7,351.1853027,54.91,11477122,83.57,11496228,-2.929944992,134.3124695,19:09
 8 8 32 16 8 16,88, 4 6 6 3 3 4,4,26, 128 128 128 128 128 128,768,128,6,350.9819336,51.49,11477386,81.43,11496492,-0.413102478,60.17396545,17:19
 8 16 32 8 32 32,128, 6 3 6 3 3 4,6,25, 128 128 128 128 128 128,768,128,6,350.4456482,47.3,11477506,80.96,11496612,-0.470455587,73.4287262,18:42
 32 8 32 16 16,104, 3 6 3 6 4,3,22, 128 128 128 128 128,640,128,5,346.4724731,46.04,11477319,80.83,11496425,-0.385138214,57.53508377,17:15
 16 8 32 16 16 32,120, 6 3 3 4 3 6,6,25, 128 128 128 128 128 128,768,128,6,344.5353699,53.72,11477199,81.44,11496305,-0.437219054,70.68218994,15:35
 8 16 8 8 16,56, 4 6 3 3 4,4,20, 128 128 128 128 128,640,128,5,344.4245605,49.67,11477480,79.75,11496586,-0.372378767,44.53081131,13:01
 32 8 32 16 16 8,112, 3 6 3 3 6 6,3,27, 128 128 128 128 128 128,768,128,6,344.1239014,50.94,11477391,82.45,11496497,-0.310178339,62.66900253,17:08
 8 32 16 16,72, 3 6 4 6,3,19, 128 128 128 128,512,128,4,342.0690613,51.43,11477390,76.76,11496496,-0.434523463,48.80760193,13:45
 32 16 32 16 8,104, 4 4 3 3 3,4,17, 128 128 128 128 128,640,128,5,340.1654968,45.71,11477488,82.12,11496594,-0.369916111,55.81692505,14:07
 32 32 16 8,88, 3 4 6 4,3,17, 128 128 128 128,512,128,4,339.9979248,42.41,11477239,77.97,11496345,-0.359154463,48.2057991,12:30
 8 8 32 8 16,72, 4 6 4 3 6,4,23, 128 128 128 128 128,640,128,5,339.7590637,41.45,11477125,79.94,11496231,-0.418147326,50.05651474,16:14
 8 32 16 32,88, 3 6 4 3,3,16, 128 128 128 128,512,128,4,339.6640625,50.56,11477381,78.63,11496487,-0.409119785,51.95663834,13:02
 8 32 16 16 32,104, 3 6 3 6 4,3,22, 128 128 128 128 128,640,128,5,338.3923645,51.51,11477497,80.95,11496603,-0.474313259,58.90677261,13:53
 8 8 32 8 32 32 8,128, 6 3 6 6 6 6 4,6,37, 128 128 128 128 128 128 128,896,128,7,338.0726624,52.12,11477523,81.21,11496629,-2.590651989,131.3683472,19:48
 8 8 32 8 16 32 32,136, 4 6 3 6 4 3 6,4,32, 128 128 128 128 128 128 128,896,128,7,337.7090759,43.75,11477302,82.57,11496408,-3.587014675,161.3288422,17:39
 8 16 32 32,88, 6 3 3 3,6,15, 128 128 128 128,512,128,4,334.2849121,48.71,11477230,77.99,11496336,-0.427555948,55.25226212,11:40
 16 8 8 32 16 16,96, 3 6 6 3 3 6,3,27, 128 128 128 128 128 128,768,128,6,333.9430847,49.94,11477410,81.42,11496516,-0.420060456,62.67720413,18:23
 8 32 32 8 8 32,120, 4 4 6 4 4 6,4,28, 128 128 128 128 128 128,768,128,6,333.6151733,50.16,11477361,82.3,11496467,-0.357552469,67.50510406,16:44
 32 16 32 32 32 16 32,192, 4 3 6 3 6 4 4,4,30, 128 128 128 128 128 128 128,896,128,7,333.4761963,41.82,11477286,83.03,11496392,-3.769095898,171.4985962,20:11
 8 16 16 8 16 8,72, 3 6 6 3 4 6,3,28, 128 128 128 128 128 128,768,128,6,332.4102173,47.54,11477382,80.85,11496488,-0.390187383,56.22564697,15:08
 8 8 8 8,32, 4 6 4 4,4,18, 128 128 128 128,512,128,4,332.363739,41.34,11477511,76.16,11496617,-0.356436312,33.67851257,12:16
 8 8 8 16 16,56, 4 6 3 3 6,4,22, 128 128 128 128 128,640,128,5,328.3645935,48.24,11477537,78.9,11496643,-0.389321029,44.42912674,13:45
 8 32 32 16 32 16 16,152, 4 4 4 6 4 3 4,4,29, 128 128 128 128 128 128 128,896,128,7,325.1214905,45.15,11477217,81.8,11496323,-3.748102188,158.9983521,20:12
 32 16 32 16,96, 3 4 6 4,3,17, 128 128 128 128,512,128,4,323.8453979,44.09,11477145,78.84,11496251,-0.353373796,53.33037186,13:34
 16 8 16 16 16 32 8,112, 3 6 3 4 4 4 3,3,27, 128 128 128 128 128 128 128,896,128,7,322.4379883,45.32,11477475,81.77,11496581,-2.117521286,113.4613266,16:28
 8 16 32 8 32,96, 3 6 3 4 4,3,20, 128 128 128 128 128,640,128,5,320.302063,42.69,11477163,80.11,11496269,-0.395608008,56.63063049,17:07
 8 32 16 16 8 16,96, 4 4 3 4 6 3,4,24, 128 128 128 128 128 128,768,128,6,315.3114014,57.91,11477423,81.07,11496529,-0.429624856,62.58784485,15:03
 8 8 8 32,56, 6 3 3 6,6,18, 128 128 128 128,512,128,4,314.0477905,50.49,11477519,77.33,11496625,-0.425300479,43.38339996,12:31
 16 32 32 8,88, 3 4 3 6,3,16, 128 128 128 128,512,128,4,308.8423462,46.7,11477245,76.97,11496351,-0.429660052,51.99263382,12:47
 16 16 32 8 32 16 16,136, 3 4 6 6 3 6 3,3,31, 128 128 128 128 128 128 128,896,128,7,306.6430054,45.55,11477544,82.79,11496650,-3.058167696,144.9523621,16:43
 32 8 32 8,80, 3 4 6 3,3,16, 128 128 128 128,512,128,4,305.9974365,45.08,11477421,75.41,11496527,-0.382171661,44.97859955,14:40
 32 8 16 32 8 8 8,112, 4 3 4 6 3 4 6,4,30, 128 128 128 128 128 128 128,896,128,7,305.2614136,50.52,11477441,81.62,11496547,-3.320988417,125.477211,16:17
 32 32 32 8 8 8 8,128, 3 3 3 6 3 4 4,3,26, 128 128 128 128 128 128 128,896,128,7,305.0495605,44.34,11477202,82.23,11496308,-3.945003986,131.1937561,16:27
 32 8 32 32 16 16,136, 4 3 3 6 4 3,4,23, 128 128 128 128 128 128,768,128,6,303.9130554,47.1,11477162,82.04,11496268,-0.285673916,71.60333252,17:38
 32 8 16 16 16 16 8,112, 4 3 4 3 3 4 4,4,25, 128 128 128 128 128 128 128,896,128,7,301.8607788,45.33,11477411,82.64,11496517,-2.903180599,121.5916443,21:10
 16 16 16 8,56, 3 4 6 3,3,16, 128 128 128 128,512,128,4,299.2702026,42.64,11477161,76.65,11496267,-0.431462407,43.30371857,14:16
 32 8 16 16 16,88, 4 3 3 4 4,4,18, 128 128 128 128 128,640,128,5,298.0921936,50.74,11477556,81.41,11496662,-0.327182144,52.38802719,13:08
 16 16 8 32 32 32 16,152, 3 4 6 3 3 4 4,3,27, 128 128 128 128 128 128 128,896,128,7,297.7633057,41.26,11477462,82.7,11496568,-2.483371496,146.032196,20:12
 8 32 16 8 16 32,112, 4 3 4 6 6 6,4,29, 128 128 128 128 128 128,768,128,6,296.0595398,47.79,11477341,82.02,11496447,-0.403128713,69.06991577,18:12
 16 16 8 8,48, 3 4 6 3,3,16, 128 128 128 128,512,128,4,295.3057861,43.43,11477553,76.03,11496659,-0.359136552,38.83898926,14:34
 8 32 16 16 8 16 32,128, 4 3 4 4 4 3 6,4,28, 128 128 128 128 128 128 128,896,128,7,294.0862122,47.19,11477227,81.28,11496333,-4.804326057,172.4956512,17:32
 32 8 8 32,80, 3 4 4 6,3,17, 128 128 128 128,512,128,4,291.7863464,48.69,11477398,78.06,11496504,-0.429489166,48.03504944,11:48
 16 16 32 8,72, 3 4 4 3,3,14, 128 128 128 128,512,128,4,291.0635376,42.75,11477083,77.16,11496189,-0.482158452,47.9796257,9:51
 16 16 8 8 16 16 32,112, 4 3 3 4 6 4 3,4,27, 128 128 128 128 128 128 128,896,128,7,290.6697998,41.42,11477215,81.97,11496321,-4.342544079,143.9206085,18:22
 8 8 16 32 16 8,88, 4 4 4 6 6 6,4,30, 128 128 128 128 128 128,768,128,6,287.3707275,50.4,11477490,81.08,11496596,-0.365032583,59.05455399,14:13
 16 16 16 32 32 32 8,152, 3 4 3 3 6 3 3,3,25, 128 128 128 128 128 128 128,896,128,7,286.2036133,48.76,11477402,82.92,11496508,-2.26480341,119.6311188,20:22
 8 8 16 8 32 16 32,120, 4 4 4 6 3 3 4,4,28, 128 128 128 128 128 128 128,896,128,7,285.7379761,42.5,11477216,82.94,11496322,-4.047736168,152.9916992,17:55
 16 16 8 16 8,64, 3 4 3 3 3,3,16, 128 128 128 128 128,640,128,5,280.5588684,50.66,11477393,80.67,11496499,-0.274497122,45.0959549,14:13
 16 16 32 8,72, 3 3 6 4,3,16, 128 128 128 128,512,128,4,278.6889954,44.14,11477174,75.54,11496280,-0.49994269,48.10958481,12:12
 8 16 32 8 8 32 8,112, 4 3 4 4 6 6 4,4,31, 128 128 128 128 128 128 128,896,128,7,278.1629028,46.29,11477178,82.84,11496284,-2.405982494,121.8303604,17:40
 16 16 16 32 16 8,104, 3 3 6 3 4 3,3,22, 128 128 128 128 128 128,768,128,6,276.8601379,53.01,11477164,81.11,11496270,-0.377103835,63.46854401,16:44
 16 16 8 16,56, 3 3 6 6,3,18, 128 128 128 128,512,128,4,274.1287537,49.96,11477187,76.52,11496293,-0.342461765,42.46324539,14:25
 16 8 8 8,40, 3 4 4 6,3,17, 128 128 128 128,512,128,4,269.7432861,40.49,11477469,73.64,11496575,-0.347949147,35.34522247,15:03
 8 8 32 32 16 8,104, 3 4 6 4 3 4,3,24, 128 128 128 128 128 128,768,128,6,266.3239441,48.49,11477417,79.39,11496523,-0.32425797,61.91035461,15:26
 16 16 32 16,80, 3 3 3 4,3,13, 128 128 128 128,512,128,4,263.3178406,47.83,11477112,78.52,11496218,-0.437999845,52.09714508,10:03
 8 32 32 16 32 32 8,160, 3 3 4 3 4 6 4,3,27, 128 128 128 128 128 128 128,896,128,7,263.3054504,51.44,11477171,81.97,11496277,-2.12141037,133.8773346,18:00
 16 16 32 8 32,104, 3 3 3 3 3,3,15, 128 128 128 128 128,640,128,5,262.6568909,41.17,11477428,80.29,11496534,-0.486239344,57.83140182,13:42
 8 16 16 16 16 32 8,112, 3 4 3 3 6 3 4,3,26, 128 128 128 128 128 128 128,896,128,7,262.5857239,52.36,11477353,82.77,11496459,-2.515128613,121.7160797,17:03
 8 8 16 32,64, 3 4 6 3,3,16, 128 128 128 128,512,128,4,261.135437,49.3,11477338,78.48,11496444,-0.339576781,46.56708145,14:07
 16 8 32 16 8 32,112, 3 3 3 6 6 4,3,25, 128 128 128 128 128 128,768,128,6,249.8166351,53.36,11477270,80.73,11496376,-0.414295495,64.89679718,17:49
 8 16 8 32 32,96, 3 3 3 3 4,3,16, 128 128 128 128 128,640,128,5,232.988327,50.16,11477489,80.12,11496595,-0.388015151,52.9782486,17:05
 32 32 8 8 8 8 32,128, 6 6 3 6 3 6 6,6,36, 64 64 64 64 64 64 64,448,64,7,121.9673843,41.63,11477323,79.5,11496429,-1.776940942,64.94719696,15:53
 32 16 8 32 32 16 8,144, 6 6 6 6 6 4 3,6,37, 64 64 64 64 64 64 64,448,64,7,121.7078247,43.46,11477144,79.95,11496250,-0.636504054,38.90023422,16:59
 32 16 8 16 16,88, 6 6 4 6 3,6,25, 64 64 64 64 64,320,64,5,118.5560379,41.1,11477193,74.71,11496299,-0.066801727,15.34492111,13:59
 16 32 16 32,96, 6 6 3 6,6,21, 64 64 64 64,256,64,4,114.9534378,41.3,11477551,73.83,11496657,-0.127016217,17.35844994,12:41
 16 32 8 16,72, 6 6 4 3,6,19, 64 64 64 64,256,64,4,114.5360031,40.47,11477066,73.21,11496172,-0.073480181,13.96992397,9:44
 8 16 32 16,72, 6 6 6 3,6,21, 64 64 64 64,256,64,4,111.0808716,40.26,11477419,72,11496525,-0.112114958,15.25334072,11:07
 32 16 16 16,80, 6 4 6 6,6,22, 64 64 64 64,256,64,4,109.282547,39.12,11477219,73.83,11496325,-0.08303652,14.26656628,12:05
 32 32 32 32,128, 6 3 6 6,6,21, 64 64 64 64,256,64,4,109.2155457,39.98,11477205,73.83,11496311,-0.195479512,20.31066132,13:11
 32 32 8 8,80, 6 4 3 4,6,17, 64 64 64 64,256,64,4,109.099556,38.61,11477288,67.19,11496394,-0.069055676,13.27222347,11:31
 32 32 32 16 32,144, 6 3 6 4 3,6,22, 64 64 64 64 64,320,64,5,108.6830826,39.29,11477233,76.69,11496339,-0.137366384,20.87831688,12:52
 16 8 16 8 8 16 8,80, 6 6 4 3 6 4 3,6,32, 64 64 64 64 64 64 64,448,64,7,108.0242615,45.66,11477482,79.49,11496588,-0.480742157,32.50778961,15:32
 16 8 8 16,48, 6 6 4 6,6,22, 64 64 64 64,256,64,4,107.9531479,40.62,11477237,74.21,11496343,-0.034442224,11.55498219,13:08
 8 16 32 32 16 16 16,136, 6 6 3 3 6 3 6,6,33, 64 64 64 64 64 64 64,448,64,7,107.6780548,47.49,11477100,77.94,11496206,-1.059270144,58.64990234,12:49
 8 16 16 16 8,64, 6 6 4 3 3,6,22, 64 64 64 64 64,320,64,5,107.0127182,40.95,11477301,74.49,11496407,-0.062169768,13.66840172,14:16
 32 32 8 8 16 16,112, 6 3 6 4 6 4,6,29, 64 64 64 64 64 64,384,64,6,106.5973282,43.41,11477492,77.97,11496598,-0.086965367,18.57289314,16:57
 8 16 8 8 8 8,56, 6 6 4 3 6 4,6,29, 64 64 64 64 64 64,384,64,6,106.4417419,43.04,11477450,74.66,11496556,-0.061374448,13.66400242,16:48
 8 8 8 16,40, 6 6 6 3,6,21, 64 64 64 64,256,64,4,106.3985748,39.94,11477362,73.39,11496468,-0.024472393,10.78087044,13:53
 32 32 8 32,104, 6 3 6 3,6,18, 64 64 64 64,256,64,4,106.2642288,40.12,11477404,70.84,11496510,-0.108645357,16.64096069,11:37
 8 16 16 16 16 8 8,88, 6 6 3 3 4 6 6,6,34, 64 64 64 64 64 64 64,448,64,7,105.8815002,43.57,11477525,79.73,11496631,-0.90563637,42.36667252,16:17
 8 16 16 8,48, 6 6 3 3,6,18, 64 64 64 64,256,64,4,105.4701691,40.93,11477188,71.2,11496294,-0.06866274,11.38190746,15:01
 16 32 32 32 8 32,152, 4 6 6 6 6 4,4,32, 64 64 64 64 64 64,384,64,6,104.7815323,47.63,11477327,78.95,11496433,-0.128878802,24.85786247,20:42
 32 32 8 8 32,112, 6 3 4 4 4,6,21, 64 64 64 64 64,320,64,5,103.8760376,42.6,11477443,73.07,11496549,-0.091240644,16.75438499,16:13
 32 32 8 16 8,96, 6 3 4 3 6,6,22, 64 64 64 64 64,320,64,5,103.7170486,39.41,11477225,76.09,11496331,-0.075698808,15.22885132,12:33
 32 16 8 16,72, 4 6 4 6,4,20, 64 64 64 64,256,64,4,102.0755157,39.37,11477073,74.76,11496179,-0.046233445,12.72599411,9:48
 16 32 16 32,96, 6 4 3 4,6,17, 64 64 64 64,256,64,4,102.0617447,41.04,11477309,74.26,11496415,-0.115755871,17.03431702,13:42
 32 16 16 8 8 32,112, 4 6 3 6 3 3,4,25, 64 64 64 64 64 64,384,64,6,101.5783615,41.53,11477527,78.4,11496633,-0.066436693,19.30649948,15:43
 32 16 16 8,72, 6 3 6 3,6,18, 64 64 64 64,256,64,4,101.4699554,38.52,11477311,68,11496417,-0.068348452,12.27141571,12:32
 32 8 32 32 16 16 8,144, 6 3 6 4 6 3 4,6,32, 64 64 64 64 64 64 64,448,64,7,101.2535095,52.78,11477529,77.93,11496635,-0.484085619,40.72127151,18:43
 32 32 32 8,104, 3 6 4 4,3,17, 64 64 64 64,256,64,4,100.3885803,40.8,11477431,70.47,11496537,-0.110194117,16.16571236,11:53
 32 8 16 32 8 8,104, 6 3 6 4 6 3,6,28, 64 64 64 64 64 64,384,64,6,99.73889923,47.29,11477191,78.63,11496297,-0.109137319,17.84932518,18:15
 32 8 16 32,88, 4 6 4 3,4,17, 64 64 64 64,256,64,4,99.56821442,40.2,11477442,69.17,11496548,-0.103925243,15.26595592,12:33
 32 16 16 32,96, 6 3 4 3,6,16, 64 64 64 64,256,64,4,99.11968994,40.52,11477317,70.32,11496423,-0.111894071,16.12488937,12:58
 8 16 32 8,64, 6 4 6 4,6,20, 64 64 64 64,256,64,4,98.44231415,42.28,11477422,72.7,11496528,-0.088318318,13.50826836,14:41
 8 32 8 8 16,72, 6 4 3 6 4,6,23, 64 64 64 64 64,320,64,5,98.32288361,40.24,11477074,71.65,11496180,-0.059940815,13.96351147,10:17
 32 8 32 8 16 8,104, 6 3 4 4 4 4,6,25, 64 64 64 64 64 64,384,64,6,98.1033783,42.16,11477535,80.62,11496641,-0.105100043,17.2108078,13:38
 8 32 8 16 8,72, 6 4 3 4 4,6,21, 64 64 64 64 64,320,64,5,97.87449646,40.7,11477502,74.66,11496608,-0.029528022,14.08549118,13:16
 8 32 8 8 8,64, 4 6 6 3 3,4,22, 64 64 64 64 64,320,64,5,97.86488342,39.98,11477147,70.62,11496253,-0.063911907,12.72365189,12:36
 16 16 16 32 8 16,104, 4 6 6 4 6 3,4,29, 64 64 64 64 64 64,384,64,6,97.7043457,47.64,11477308,78.45,11496414,-0.085447751,18.62184143,15:43
 32 8 32 16,88, 6 3 4 3,6,16, 64 64 64 64,256,64,4,97.65184784,38.74,11477071,70.52,11496177,-0.113132022,15.26854038,9:50
 16 32 32 8 16 8 8,120, 6 3 4 3 4 3 6,6,29, 64 64 64 64 64 64 64,448,64,7,97.58331299,45.52,11477368,80.54,11496474,-0.650947094,44.78807068,17:37
 16 16 8 16 16,72, 6 4 3 6 4,6,23, 64 64 64 64 64,320,64,5,96.7702179,41.25,11477365,75.82,11496471,-0.045383573,14.31290817,14:40
 16 32 16 32,96, 6 3 4 4,6,17, 64 64 64 64,256,64,4,96.47000885,41.04,11477413,72.45,11496519,-0.114231415,16.727211,15:15
 16 16 32 16 16 32 16,144, 4 6 4 4 4 6 3,4,31, 64 64 64 64 64 64 64,448,64,7,96.21665192,44.07,11477401,77.99,11496507,-0.798248768,46.42260361,15:32
 32 32 16 32 8 8 16,144, 4 4 4 4 3 3 6,4,28, 64 64 64 64 64 64 64,448,64,7,95.40988922,43.96,11477345,77.69,11496451,-1.033665895,55.35079956,18:13
 32 32 16 16 8 16,120, 4 4 4 4 4 3,4,23, 64 64 64 64 64 64,384,64,6,95.23020935,45.47,11477101,80.04,11496207,-0.08737047,19.05896378,11:21
 32 8 16 16 16 16 8,112, 3 6 6 4 6 4 6,3,35, 64 64 64 64 64 64 64,448,64,7,94.44583893,46.21,11477530,79.06,11496636,-0.563973725,43.59257507,16:23
 32 8 8 8 32 8,96, 6 3 3 3 3 6,6,24, 64 64 64 64 64 64,384,64,6,94.43307495,40.04,11477474,77.27,11496580,-0.08500085,16.46637917,14:15
 8 16 16 32 32 32 32,168, 6 4 3 6 3 4 4,6,30, 64 64 64 64 64 64 64,448,64,7,94.14491272,42.01,11477155,79.2,11496261,-1.138995171,60.73227692,15:42
 32 8 8 32,80, 3 6 6 4,3,19, 64 64 64 64,256,64,4,93.61940002,39.68,11477240,69.8,11496346,-0.055615164,14.01383972,11:23
 16 8 16 8,48, 6 4 3 3,6,16, 64 64 64 64,256,64,4,93.42732239,38.43,11477221,70.26,11496327,-0.054953292,10.71288872,12:33
 32 16 16 8,72, 4 4 6 6,4,20, 64 64 64 64,256,64,4,92.80214691,38.55,11477090,68.78,11496196,-0.065063491,12.21141529,9:02
 8 32 32 16,88, 6 3 3 3,6,15, 64 64 64 64,256,64,4,92.53717804,40.02,11477339,71.38,11496445,-0.124853596,16.56297874,13:09
 8 16 32 8 16 32,112, 4 6 4 4 3 4,4,25, 64 64 64 64 64 64,384,64,6,92.47867584,44.66,11477466,78.34,11496572,-0.077727452,20.77635193,17:31
 8 8 32 16 8 32 32,136, 4 6 6 3 3 3 3,4,28, 64 64 64 64 64 64 64,448,64,7,92.30970764,40.53,11477310,80.1,11496416,-0.958863854,55.1414299,17:36
 8 16 16 8 8,56, 4 6 4 6 6,4,26, 64 64 64 64 64,320,64,5,91.6239624,40.45,11477358,74.9,11496464,-0.064510182,12.08158875,13:36
 16 32 8 16 32 16,120, 3 6 4 4 4 6,3,27, 64 64 64 64 64 64,384,64,6,91.24493408,46.14,11477200,78.76,11496306,-0.075008422,20.18192673,15:08
 16 16 16 32,80, 6 3 4 4,6,17, 64 64 64 64,256,64,4,91.1566925,41.37,11477332,73.92,11496438,-0.099591255,15.28566074,12:36
 32 16 32 32 32 8,152, 4 4 3 6 6 3,4,26, 64 64 64 64 64 64,384,64,6,91.12169647,44.9,11477313,77.64,11496419,-0.15581724,22.97581863,16:55
 16 16 32 8 8 16 32,128, 6 3 3 3 3 6 4,6,28, 64 64 64 64 64 64 64,448,64,7,90.96900177,39.73,11477243,80.18,11496349,-1.143801808,59.06521606,15:34
 16 32 16 16,80, 3 6 3 3,3,15, 64 64 64 64,256,64,4,90.02307892,39.75,11477214,71.81,11496320,-0.061647862,14.37509727,11:14
 8 16 32 8 32 32 8,136, 6 3 4 6 3 4 3,6,29, 64 64 64 64 64 64 64,448,64,7,89.43914032,46.4,11477399,80.96,11496505,-0.416042835,38.97322083,17:40
 16 16 16 16 16 32 8,120, 3 6 6 4 3 3 3,3,28, 64 64 64 64 64 64 64,448,64,7,89.18201447,44.87,11477256,77.98,11496362,-0.39789784,35.49682236,16:33
 32 32 32 8 16,120, 4 3 3 6 3,4,19, 64 64 64 64 64,320,64,5,88.97872925,39.18,11477300,77.11,11496406,-0.108758323,17.13196754,13:58
 32 16 16 8 8,80, 4 4 3 4 6,4,21, 64 64 64 64 64,320,64,5,88.69538116,39.07,11477405,75.19,11496511,-0.063218519,13.12110233,12:40
 32 8 32 32,104, 4 4 4 3,4,15, 64 64 64 64,256,64,4,88.32396698,39.58,11477371,71.89,11496477,-0.154885709,17.50452995,14:17
 16 8 16 8,48, 6 3 4 4,6,17, 64 64 64 64,256,64,4,87.96665955,38.68,11477218,68,11496324,-0.049774751,10.52810001,12:16
 32 32 8 8 16 16 16,128, 4 3 4 3 6 6 3,4,29, 64 64 64 64 64 64 64,448,64,7,87.52589417,41.67,11477080,78.3,11496186,-0.917225242,45.21290588,12:44
 32 8 16 16 16 32 8,128, 4 4 4 4 6 6 6,4,34, 64 64 64 64 64 64 64,448,64,7,87.33538818,45.32,11477378,77.25,11496484,-0.463992923,43.26917648,15:14
 32 8 32 16 8,96, 4 4 3 3 3,4,17, 64 64 64 64 64,320,64,5,87.02272034,39.16,11477377,75.15,11496483,-0.106664255,15.96154213,12:41
 32 8 8 8,56, 4 4 4 6,4,18, 64 64 64 64,256,64,4,86.68698883,37.95,11477123,70.96,11496229,-0.042156808,10.11281776,13:26
 8 32 8 16 32 16,112, 4 4 6 6 6 4,4,30, 64 64 64 64 64 64,384,64,6,86.55656433,43.95,11477263,79.52,11496369,-0.074937373,19.81306458,16:48
 8 16 16 32 32 8,112, 6 3 3 4 4 4,6,24, 64 64 64 64 64 64,384,64,6,86.53528595,45.11,11477106,77.23,11496212,-0.130820483,19.78482819,11:27
 32 32 8 16 32,120, 3 4 4 4 6,3,21, 64 64 64 64 64,320,64,5,86.42494202,39.93,11477253,74.85,11496359,-0.072859332,17.54277992,14:26
 8 32 8 8,56, 3 6 3 4,3,16, 64 64 64 64,256,64,4,86.03464508,39.52,11477070,69.99,11496176,-0.050821543,11.58442879,9:13
 16 16 8 16 32 8 32,128, 3 6 4 4 4 4 4,3,29, 64 64 64 64 64 64 64,448,64,7,85.93990326,43.61,11477503,77.71,11496609,-1.134272933,55.46352768,17:58
 8 16 8 16 32 16,96, 6 3 3 3 6 4,6,25, 64 64 64 64 64 64,384,64,6,85.46962738,42.93,11477484,78.66,11496590,-0.075763702,18.633358,12:41
 16 32 32 16 32 32 16,176, 4 3 6 6 6 3 4,4,32, 64 64 64 64 64 64 64,448,64,7,85.29917908,45.01,11477394,77.38,11496500,-0.803977609,52.95364761,16:20
 32 8 32 32 32,136, 4 3 6 4 6,4,23, 64 64 64 64 64,320,64,5,84.67127228,39.92,11477512,77.55,11496618,-0.168221474,20.31741905,14:25
 8 16 8 8 32 8 16,96, 3 6 6 3 3 4 4,3,29, 64 64 64 64 64 64 64,448,64,7,84.62639618,44.25,11477496,77.77,11496602,-1.07984817,46.65329361,18:01
 16 16 8 32,72, 4 4 6 3,4,17, 64 64 64 64,256,64,4,83.72027588,40.24,11477176,69.09,11496282,-0.042682044,13.95621872,10:58
 32 8 32 16,88, 3 4 6 6,3,19, 64 64 64 64,256,64,4,83.16326904,38.9,11477262,71.27,11496368,-0.107369959,15.07012081,14:19
 32 32 16 32 32 16,160, 3 3 6 3 6 6,3,27, 64 64 64 64 64 64,384,64,6,82.84465027,46.41,11477322,78.91,11496428,-0.103230849,22.70176697,15:58
 8 32 16 32 8 16,112, 4 4 3 3 3 4,4,21, 64 64 64 64 64 64,384,64,6,82.491539,46.29,11477150,78.9,11496256,-0.073571309,19.25199699,18:10
 16 8 16 32 16 16 16,120, 4 4 6 3 6 3 4,4,30, 64 64 64 64 64 64 64,448,64,7,81.84183502,43.53,11477057,77.8,11496163,-0.798929751,46.60014343,12:27
 16 16 32 16,80, 4 4 3 3,4,14, 64 64 64 64,256,64,4,81.66591644,40.28,11477470,70.33,11496576,-0.104298711,15.02520561,11:55
 32 16 16 8 16,88, 4 3 3 4 4,4,18, 64 64 64 64 64,320,64,5,81.6622467,38.98,11477118,75.22,11496224,-0.072022095,13.80980778,11:56
 32 16 32 16 32 16,144, 3 4 3 3 6 3,3,22, 64 64 64 64 64 64,384,64,6,81.66009521,40.73,11477473,76.88,11496579,-0.095181763,21.92391586,17:35
 16 32 32 32 16 8 8,144, 3 4 4 6 4 4 6,3,31, 64 64 64 64 64 64 64,448,64,7,81.443573,48.54,11477348,79.14,11496454,-0.854012847,46.97289276,17:19
 32 16 16 16,80, 3 4 4 4,3,15, 64 64 64 64,256,64,4,81.28614807,39.22,11477244,73.88,11496350,-0.057057053,13.50836945,14:11
 8 8 32 32 8 32 8,128, 3 6 3 6 4 6 6,3,34, 64 64 64 64 64 64 64,448,64,7,81.24832916,46.55,11477208,78.63,11496314,-0.58327055,44.78683472,15:11
 32 32 16 32 16,128, 3 3 4 3 6,3,19, 64 64 64 64 64,320,64,5,80.10500336,41.16,11477406,75.71,11496512,-0.122359864,18.19062042,13:30
 16 16 8 32 16,88, 4 4 3 3 4,4,18, 64 64 64 64 64,320,64,5,80.03659058,41.66,11477103,76.37,11496209,-0.065607265,15.50902367,10:10
 32 8 8 32 8 32 16,136, 4 3 4 4 3 3 6,4,27, 64 64 64 64 64 64 64,448,64,7,79.72234344,42.14,11477517,77.83,11496623,-0.798198521,52.23610687,15:48
 8 32 32 8 16 32,128, 3 4 6 3 6 4,3,26, 64 64 64 64 64 64,384,64,6,79.45394897,46.09,11477076,77.9,11496182,-0.098551273,22.04265022,11:54
 16 16 32 32 32 32 8,168, 4 3 6 3 6 3 4,4,29, 64 64 64 64 64 64 64,448,64,7,79.18592834,47.43,11477372,79.17,11496478,-0.457621694,42.38035202,16:56
 16 8 32 8 8,72, 4 4 3 3 6,4,20, 64 64 64 64 64,320,64,5,78.93691254,40.79,11477418,76.11,11496524,-0.080055408,13.50674152,15:50
 32 8 8 8,56, 4 3 4 3,4,14, 64 64 64 64,256,64,4,78.86551666,37.88,11477432,68.7,11496538,-0.039827608,9.81295681,14:39
 16 32 8 16 32,104, 4 3 3 3 4,4,17, 64 64 64 64 64,320,64,5,78.36569977,40.77,11477140,76.22,11496246,-0.0653743,16.323946,12:45
 32 8 8 8,56, 3 4 4 6,3,17, 64 64 64 64,256,64,4,78.24028015,38.01,11477397,70.59,11496503,-0.034927092,10.12568951,12:01
 32 8 16 16,72, 3 4 4 3,3,14, 64 64 64 64,256,64,4,78.19706726,39.02,11477550,73,11496656,-0.054956235,12.52940178,14:31
 8 16 16 16 16 32,104, 4 4 4 3 6 3,4,24, 64 64 64 64 64 64,384,64,6,78.15933228,44.16,11477204,77.44,11496310,-0.058571264,19.21389198,17:10
 32 8 8 8 16 8,80, 3 4 4 4 6 4,3,25, 64 64 64 64 64 64,384,64,6,78.07613373,43.5,11477552,77.15,11496658,-0.08749643,14.69719124,13:37
 8 32 32 8 16 8 32,136, 3 4 3 3 6 4 6,3,29, 64 64 64 64 64 64 64,448,64,7,75.55340576,41.13,11477444,80.52,11496550,-1.786077976,67.85003662,14:43
 8 32 8 16,64, 3 4 4 6,3,17, 64 64 64 64,256,64,4,75.22916412,40.34,11477287,74.09,11496393,-0.020442821,12.35374641,13:16
 16 32 32 16 32 8,136, 3 3 4 6 6 3,3,25, 64 64 64 64 64 64,384,64,6,74.37007141,43.8,11477344,79.04,11496450,-0.105968133,20.97811699,16:41
 16 16 8 32 16 16,104, 4 3 3 6 6 4,4,26, 64 64 64 64 64 64,384,64,6,73.93251038,44.52,11477354,78.85,11496460,-0.061922476,18.56690407,15:22
 8 16 8 8 16,56, 4 3 6 6 4,4,23, 64 64 64 64 64,320,64,5,73.62585449,40.56,11477316,73.02,11496422,-0.046165213,11.55263424,15:08
 16 16 8 8,48, 4 3 4 3,4,14, 64 64 64 64,256,64,4,73.61476898,39.11,11477212,67.32,11496318,-0.025194965,9.882169724,10:54
 8 16 16 16 16 32,104, 3 4 6 3 4 6,3,26, 64 64 64 64 64 64,384,64,6,72.40995789,43.37,11477483,76.46,11496589,-0.057587638,19.29942131,17:13
 8 16 8 32 32 16,112, 3 4 6 3 6 3,3,25, 64 64 64 64 64 64,384,64,6,72.10263062,44.88,11477246,78.47,11496352,-0.062062874,19.00577545,15:18
 16 16 8 32 16,88, 3 4 3 4 3,3,17, 64 64 64 64 64,320,64,5,71.90010071,42.02,11477412,77.08,11496518,-0.050490558,15.22147846,16:02
 16 16 32 32 16 8 32,152, 3 3 6 6 4 3 4,3,29, 64 64 64 64 64 64 64,448,64,7,71.45545197,40.43,11477113,79.04,11496219,-1.09148109,57.54989243,12:50
 8 16 32 16 32,104, 3 4 4 3 3,3,17, 64 64 64 64 64,320,64,5,71.06304932,42.35,11477363,77.93,11496469,-0.08924982,17.32039452,14:25
 8 16 8 16 16 16 8,88, 3 4 4 4 6 4 6,3,31, 64 64 64 64 64 64 64,448,64,7,69.39785004,43.22,11477229,79.19,11496335,-0.848531961,41.24711609,14:31
 8 16 16 8,48, 4 3 3 3,4,13, 64 64 64 64,256,64,4,69.25590515,41.01,11477500,70.85,11496606,-0.052812658,10.42330074,10:34
 8 8 32 32,80, 3 4 4 6,3,17, 64 64 64 64,256,64,4,68.95063782,39.68,11477082,71.6,11496188,-0.136164367,15.77499104,9:15
 8 8 16 32 32,96, 4 3 4 4 3,4,18, 64 64 64 64 64,320,64,5,68.39457703,40.73,11477438,76.12,11496544,-0.109921604,16.1176548,12:47
 8 8 8 16 8 8 8,64, 4 3 4 6 4 3 6,4,30, 64 64 64 64 64 64 64,448,64,7,68.06777191,44.28,11477255,75.15,11496361,-0.660389483,36.83072662,16:58
 8 32 8 16,64, 3 3 3 6,3,15, 64 64 64 64,256,64,4,66.94707489,40.56,11477268,72.86,11496374,-0.021774404,11.98446751,12:48
 8 8 16 8,40, 4 3 3 3,4,13, 64 64 64 64,256,64,4,66.27693176,38.66,11477548,71.96,11496654,-0.051417325,9.457445145,14:06
 8 8 32 16 32 8,104, 3 3 6 4 6 3,3,25, 64 64 64 64 64 64,384,64,6,64.11327362,41.64,11477257,77.82,11496363,-0.10678225,18.42411804,16:25
 8 16 32 8,64, 3 3 3 6,3,15, 64 64 64 64,256,64,4,63.10741425,42.03,11477192,73.65,11496298,-0.07936696,12.71644783,11:49
 8 8 8 32 16,72, 3 3 4 6 4,3,20, 64 64 64 64 64,320,64,5,59.84614182,41.03,11477153,74,11496259,-0.056512035,13.17165184,16:36
 8 8 8 8 8 32,72, 3 3 4 6 4 4,3,24, 64 64 64 64 64 64,384,64,6,59.52276993,45.96,11477509,79.25,11496615,-0.030580208,15.60082912,16:18
 16 32 8 8 8 8 16,96, 6 6 6 6 3 6 6,6,39, 32 32 32 32 32 32 32,224,32,7,27.882267,38.78,11477177,62.05,11496283,-0.390472412,15.00497913,16:06
 16 32 16 8 16 16 8,112, 6 6 6 3 6 4 3,6,34, 32 32 32 32 32 32 32,224,32,7,27.8250618,39.44,11477396,64.52,11496502,-0.293194026,12.24302292,13:58
 32 8 32 32,104, 6 6 6 3,6,21, 32 32 32 32,128,32,4,27.75094223,38.6,11477156,52.99,11496262,-0.015446674,5.281863689,14:43
 32 8 32 32 8 16 16,144, 6 6 4 3 6 3 4,6,32, 32 32 32 32 32 32 32,224,32,7,27.19550705,41.78,11477158,63.85,11496264,-0.125049949,14.61236858,15:14
 32 16 16 8,72, 6 6 3 4,6,19, 32 32 32 32,128,32,4,27.02475166,42.95,11477183,46.82,11496289,-0.033297814,4.314357281,13:11
 32 16 8 16 16,88, 6 6 3 3 6,6,24, 32 32 32 32 32,160,32,5,26.97294044,37.98,11477307,50.98,11496413,-0.029537996,4.644897461,14:40
 8 16 32 32 8,96, 6 6 6 4 3,6,25, 32 32 32 32 32,160,32,5,26.36015129,38.05,11477143,55.69,11496249,-0.024235288,5.436712265,15:15
 8 32 32 8 16 16,112, 6 6 3 3 4 3,6,25, 32 32 32 32 32 32,192,32,6,26.32449722,42.8,11477367,59.56,11496473,-0.064036168,6.244937897,15:08
 16 16 32 8 8 16 8,104, 6 6 3 4 3 3 6,6,31, 32 32 32 32 32 32 32,224,32,7,26.05587196,40.03,11477131,60.7,11496237,-0.239834026,15.51152611,13:15
 32 32 8 8 32 16,128, 6 4 6 4 6 6,6,32, 32 32 32 32 32 32,192,32,6,25.67502594,39.87,11477457,62.1,11496563,-0.067021273,6.464869022,14:16
 8 8 16 32 8,72, 6 6 6 3 6,6,27, 32 32 32 32 32,160,32,5,25.63964653,39.54,11477272,53.05,11496378,-0.014632158,4.653111935,11:32
 8 16 32 32,88, 6 6 4 3,6,19, 32 32 32 32,128,32,4,25.60805702,37.85,11477531,49.85,11496637,-0.020477787,5.169775963,12:38
 8 8 16 16 32 8 16,104, 6 6 3 6 4 3 3,6,31, 32 32 32 32 32 32 32,224,32,7,24.80311012,39.15,11477340,63.34,11496446,-0.215276018,12.48752213,15:08
 8 8 8 8 8 32,72, 6 6 3 6 3 4,6,28, 32 32 32 32 32 32,192,32,6,24.65813828,39.27,11477157,59.82,11496263,-0.049745761,6.26255846,13:08
 32 32 32 16,112, 4 6 4 4,4,18, 32 32 32 32,128,32,4,24.25294876,42.62,11477456,50.34,11496562,-0.024794063,5.125441074,14:41
 32 32 8 32 16 16 8,144, 6 3 6 6 3 6 3,6,33, 32 32 32 32 32 32 32,224,32,7,24.1460228,39.5,11477471,62.71,11496577,-0.08586587,12.15760899,15:18
 32 16 8 16 16 8 32,128, 6 4 4 4 6 6 4,6,34, 32 32 32 32 32 32 32,224,32,7,24.00362396,37.95,11477465,64.25,11496571,-0.324368298,16.61998749,14:15
 32 16 32 16 8 16,120, 4 6 6 4 4 6,4,30, 32 32 32 32 32 32,192,32,6,23.90513992,41.63,11477126,59.41,11496232,-0.045339379,6.216618538,12:42
 32 16 32 32,112, 4 6 6 3,4,19, 32 32 32 32,128,32,4,23.81131172,38.59,11477165,54.01,11496271,-0.020032406,5.27541399,11:46
 32 8 16 16,72, 6 4 4 4,6,18, 32 32 32 32,128,32,4,23.50993729,41.11,11477136,49.29,11496242,-0.007312451,4.151834965,12:40
 16 16 8 8 32,80, 6 4 6 6 4,6,26, 32 32 32 32 32,160,32,5,23.49134064,38.11,11477105,55.65,11496211,-0.035753071,4.44841671,9:38
 16 16 16 16,64, 6 4 6 4,6,20, 32 32 32 32,128,32,4,23.43127441,39.26,11477283,47.62,11496389,-0.007863242,4.023855686,11:09
 16 16 8 8 32 32 8,120, 6 4 6 4 6 4 6,6,36, 32 32 32 32 32 32 32,224,32,7,23.4087162,40.55,11477149,63.82,11496255,-0.144086659,17.42341423,14:49
 32 8 8 32,80, 4 6 6 6,4,22, 32 32 32 32,128,32,4,23.18886948,39,11477060,48.49,11496166,-0.009417728,4.212207317,8:24
 32 16 32 8 32 16,136, 6 3 6 3 4 4,6,26, 32 32 32 32 32 32,192,32,6,23.17887306,41.93,11477427,63.19,11496533,-0.051164586,6.460356236,13:04
 8 16 32 16 8 16 8,104, 6 4 6 3 4 6 4,6,33, 32 32 32 32 32 32 32,224,32,7,22.89815903,41.6,11477366,65.97,11496472,-0.149623558,14.37871838,16:33
 16 8 32 16 32 16,120, 6 4 4 6 6 3,6,29, 32 32 32 32 32 32,192,32,6,22.74606705,42.36,11477528,62.84,11496634,-0.061096154,6.421788216,14:09
 32 16 32 32,112, 6 3 4 3,6,16, 32 32 32 32,128,32,4,22.5269146,37.83,11477058,53.36,11496164,-0.008666426,5.143665314,8:28
 16 32 8 32 16 8 16,128, 4 6 3 4 3 3 4,4,27, 32 32 32 32 32 32 32,224,32,7,22.44423294,39.61,11477507,59.95,11496613,-0.122034982,12.64773846,15:11
 32 8 8 16 16 16,96, 4 6 4 4 3 4,4,25, 32 32 32 32 32 32,192,32,6,22.43805695,39.26,11477440,59.69,11496546,-0.043329418,5.531308651,13:52
 16 8 32 32 8 8 16,120, 6 4 3 4 4 6 3,6,30, 32 32 32 32 32 32 32,224,32,7,22.30408478,38.62,11477539,60.42,11496645,-0.157606781,12.82022095,15:34
 16 32 8 32 16,104, 6 3 4 6 3,6,22, 32 32 32 32 32,160,32,5,22.27819824,38.2,11477180,53.83,11496286,-0.01786017,4.872120857,14:24
 8 32 8 16 32 8,104, 4 6 4 6 6 4,4,30, 32 32 32 32 32 32,192,32,6,22.20484543,39.12,11477097,55.66,11496203,-0.039791659,5.322898388,10:47
 32 16 16 16 32 16 16,144, 6 3 3 6 3 6 3,6,30, 32 32 32 32 32 32 32,224,32,7,22.19054604,39.33,11477261,65.07,11496367,-0.176299721,13.5104351,16:54
 16 8 32 16 16 8 16,112, 4 6 6 4 3 6 4,4,33, 32 32 32 32 32 32 32,224,32,7,22.16757965,39.31,11477241,60.06,11496347,-0.266456425,13.56315422,16:36
 32 32 32 32 16 32,176, 3 6 3 4 4 6,3,26, 32 32 32 32 32 32,192,32,6,22.03532028,42.03,11477315,65.84,11496421,-0.048228599,7.907422066,15:18
 16 32 16 16 16 16,112, 6 3 3 4 6 3,6,25, 32 32 32 32 32 32,192,32,6,21.93333054,42.46,11477138,59.81,11496244,-0.048042692,5.97863102,15:08
 8 8 8 32 16 8,80, 6 4 4 6 6 4,6,30, 32 32 32 32 32 32,192,32,6,21.6872921,38.61,11477252,58.42,11496358,-0.024725458,4.842161655,15:46
 8 8 8 16 32 16,88, 6 4 4 4 6 4,6,28, 32 32 32 32 32 32,192,32,6,21.53186226,38.92,11477181,63.58,11496287,-0.05057836,5.651230812,13:15
 16 32 8 8 8 16 16,104, 3 6 6 6 6 3 3,3,33, 32 32 32 32 32 32 32,224,32,7,21.48618889,42.41,11477107,63.36,11496213,-0.264297634,12.15458488,11:49
 8 8 32 16 16 32,112, 4 6 6 3 6 3,4,28, 32 32 32 32 32 32,192,32,6,21.43044662,41.94,11477099,64.54,11496205,-0.044716336,6.922996998,11:04
 8 32 8 8,56, 6 3 4 6,6,19, 32 32 32 32,128,32,4,21.4206543,42.5,11477356,45.67,11496462,-0.025567327,3.620626926,12:41
 16 8 16 16,56, 4 6 4 4,4,18, 32 32 32 32,128,32,4,21.23278236,41.28,11477282,50.33,11496388,-0.021264251,3.961266994,13:39
 32 8 16 32 8 32,128, 3 6 6 3 4 4,3,26, 32 32 32 32 32 32,192,32,6,21.15365219,40.72,11477498,64.76,11496604,-0.025725827,6.862264156,13:41
 16 16 32 32 16,112, 6 3 3 4 6,6,22, 32 32 32 32 32,160,32,5,21.11848831,38.81,11477375,57.7,11496481,-0.021012317,5.454042435,14:15
 32 32 32 32 16 16 32,192, 4 4 4 6 6 3 4,4,31, 32 32 32 32 32 32 32,224,32,7,21.11432266,39.3,11477350,69.47,11496456,-0.174091205,17.27732468,16:52
 16 32 32 32 8 32,152, 3 6 4 4 4 4,3,25, 32 32 32 32 32 32,192,32,6,21.09403038,40.98,11477463,65.85,11496569,-0.045193676,7.347816944,13:18
 16 8 32 16 32,104, 6 3 4 6 4,6,23, 32 32 32 32 32,160,32,5,21.02999306,38.47,11477120,57.63,11496226,-0.027961284,5.362660408,12:22
 8 16 32 32 16,104, 4 6 3 4 4,4,21, 32 32 32 32 32,160,32,5,21.00548553,38.26,11477337,56.62,11496443,-0.030748118,5.432842255,12:21
 32 16 16 16 8 32,120, 3 6 3 6 3 6,3,27, 32 32 32 32 32 32,192,32,6,20.8109436,40.64,11477298,61.09,11496404,-0.048111413,7.132833481,14:02
 32 16 8 32 16 16,120, 3 6 3 3 4 4,3,23, 32 32 32 32 32 32,192,32,6,20.57223129,39.63,11477331,61.38,11496437,-0.029753298,5.793021679,15:44
 16 8 32 16 32 8 8,120, 6 3 3 3 6 4 3,6,28, 32 32 32 32 32 32 32,224,32,7,20.54874802,38.83,11477061,62.67,11496167,-0.19723019,12.05527973,11:20
 16 32 8 32 8 8 8,112, 3 6 3 4 6 3 4,3,29, 32 32 32 32 32 32 32,224,32,7,20.4581337,39,11477389,63.47,11496495,-0.103139162,12.18079185,16:21
 32 8 32 16 8 32 32,160, 3 6 3 3 6 4 4,3,29, 32 32 32 32 32 32 32,224,32,7,20.39889908,41.53,11477275,63.41,11496381,-0.233587384,18.40552139,15:20
 8 16 32 8 8 8 32,112, 6 3 3 6 3 4 4,6,29, 32 32 32 32 32 32 32,224,32,7,20.39107704,42.58,11477326,57.72,11496432,-0.417451024,16.32008743,16:11
 8 16 32 16,72, 6 3 3 6,6,18, 32 32 32 32,128,32,4,20.36619759,42.84,11477359,48.49,11496465,-0.009626143,4.399439335,13:23
 8 16 16 16 8,64, 6 3 3 6 3,6,21, 32 32 32 32 32,160,32,5,20.17747307,39.83,11477094,52.98,11496200,-0.005384877,4.120874405,9:16
 8 32 32 8 8,88, 3 6 3 6 6,3,24, 32 32 32 32 32,160,32,5,20.15203285,42.38,11477357,54.18,11496463,-0.03274196,4.856616974,13:47
 16 8 8 8 16 8,64, 6 3 3 3 3 6,6,24, 32 32 32 32 32 32,192,32,6,20.15188408,40.14,11477110,58.09,11496216,-0.040462531,4.562146187,10:15
 8 32 8 8 16,72, 3 6 4 3 4,3,20, 32 32 32 32 32,160,32,5,19.93887329,38.17,11477281,49.92,11496387,-0.036341511,4.247299671,14:27
 32 32 32 8 16,120, 4 3 6 3 4,4,20, 32 32 32 32 32,160,32,5,19.80483627,37.89,11477420,56.3,11496526,-0.024246003,5.064551353,14:07
 32 16 32 8,88, 4 4 3 6,4,17, 32 32 32 32,128,32,4,19.55435371,42.36,11477436,49.41,11496542,-0.022167733,4.263225079,11:07
 8 8 32 8,56, 3 6 6 6,3,21, 32 32 32 32,128,32,4,19.48725891,42.97,11477068,49.79,11496174,-0.028411055,4.081661224,9:05
 8 8 8 32,56, 6 3 3 4,6,16, 32 32 32 32,128,32,4,19.46990967,38.58,11477453,46.9,11496559,-0.008087119,3.73704648,14:00
 32 8 32 32,104, 4 4 4 6,4,18, 32 32 32 32,128,32,4,19.44195557,38.13,11477238,54.46,11496344,-0.019179275,4.935553551,13:36
 16 16 16 16 32 32,128, 3 6 3 4 4 6,3,26, 32 32 32 32 32 32,192,32,6,19.43764305,40.89,11477267,61.27,11496373,-0.061324783,7.525504589,13:59
 32 32 8 32 16,120, 3 4 6 6 4,3,23, 32 32 32 32 32,160,32,5,19.35541534,38.51,11477189,54.09,11496295,-0.012374692,4.997534275,13:12
 32 8 32 8,80, 4 4 4 4,4,16, 32 32 32 32,128,32,4,19.25423241,42.23,11477464,51.19,11496570,-0.023141669,4.125462055,12:13
 32 32 8 16,88, 3 4 6 3,3,16, 32 32 32 32,128,32,4,19.07355118,42.23,11477152,44.67,11496258,-0.013435874,4.122264385,11:29
 16 16 8 8 16 8,72, 4 4 6 6 6 6,4,32, 32 32 32 32 32 32,192,32,6,19.05430031,38.48,11477555,58.91,11496661,-0.042827673,4.531789303,13:25
 8 32 16 32 16 8 8,120, 4 4 4 3 6 4 6,4,31, 32 32 32 32 32 32 32,224,32,7,18.74755096,39.59,11477198,65.64,11496304,-0.059786409,13.78483105,18:27
 32 32 16 32 32 16 16,176, 4 3 3 3 4 4 6,4,27, 32 32 32 32 32 32 32,224,32,7,18.70319557,40,11477343,61.21,11496449,-0.146334469,15.44991207,16:03
 32 32 16 8 16 32,136, 4 3 3 4 3 6,4,23, 32 32 32 32 32 32,192,32,6,18.68794823,42.81,11477306,59.77,11496412,-0.060884714,7.241387367,14:25
 16 32 32 8 16 8,112, 4 3 6 4 6 4,4,27, 32 32 32 32 32 32,192,32,6,18.68002319,42.52,11477119,60.57,11496225,-0.042839251,5.246612072,15:38
 8 16 16 16,56, 3 6 3 3,3,15, 32 32 32 32,128,32,4,18.60174179,41.67,11477549,49.98,11496655,-0.017737158,3.912549734,10:44
 32 16 8 32 8 32,128, 4 3 6 4 4 3,4,24, 32 32 32 32 32 32,192,32,6,18.53994942,40.37,11477364,62.08,11496470,-0.031234359,6.450242996,15:44
 8 16 32 32 32,120, 4 4 6 3 6,4,23, 32 32 32 32 32,160,32,5,18.52054405,38.14,11477449,60.91,11496555,-0.035022445,5.669694424,11:34
 32 8 32 8 16 16,112, 4 3 6 6 6 4,4,29, 32 32 32 32 32 32,192,32,6,18.4485321,38.83,11477538,66.71,11496644,-0.042569511,5.713591576,13:05
 8 32 8 32 16 32,128, 4 4 3 4 4 3,4,22, 32 32 32 32 32 32,192,32,6,18.35948563,40.44,11477472,62.02,11496578,-0.073912874,6.97096014,14:57
 32 32 8 32,104, 3 4 3 4,3,14, 32 32 32 32,128,32,4,18.21196747,38.76,11477170,47.16,11496276,-0.00447157,4.487125397,10:37
 8 32 32 8 16 32,128, 4 3 6 6 6 3,4,28, 32 32 32 32 32 32,192,32,6,18.08248329,39.11,11477524,63.61,11496630,-0.063944533,6.940127373,14:56
 16 8 8 32 8,72, 4 4 4 6 6,4,24, 32 32 32 32 32,160,32,5,17.95577812,38.24,11477467,54.19,11496573,-0.014862847,4.042012215,12:14
 16 8 16 32 16 16 8,112, 4 4 4 3 3 3 4,4,25, 32 32 32 32 32 32 32,224,32,7,17.84552765,40.81,11477117,67.45,11496223,-0.083929248,13.03126431,16:19
 32 16 16 32,96, 4 3 3 6,4,16, 32 32 32 32,128,32,4,17.73460007,38.61,11477249,52.12,11496355,-0.008619525,4.460047722,10:51
 16 32 16 8 16 16 32,136, 4 3 4 3 3 4 6,4,27, 32 32 32 32 32 32 32,224,32,7,17.70942497,38.78,11477109,63.22,11496215,-0.485041648,18.5030899,11:33
 32 16 16 8 8 8 8,96, 3 4 4 6 6 3 4,3,30, 32 32 32 32 32 32 32,224,32,7,17.6908226,40.98,11477236,62.29,11496342,-0.202489644,12.18853951,16:11
 8 32 16 16 8 32 8,120, 4 3 6 3 3 3 3,4,25, 32 32 32 32 32 32 32,224,32,7,17.65306664,39.51,11477520,64.94,11496626,-0.160903737,12.99855709,16:28
 32 8 32 16 8,96, 4 3 4 3 3,4,17, 32 32 32 32 32,160,32,5,17.58952522,41.39,11477403,50.71,11496509,-0.016412204,4.657853127,11:53
 16 8 16 32,72, 4 4 3 4,4,15, 32 32 32 32,128,32,4,17.53419304,38.36,11477409,50.84,11496515,-0.013101224,4.13199091,11:42
 32 8 32 16 32 16 8,144, 3 4 4 6 4 6 4,3,31, 32 32 32 32 32 32 32,224,32,7,17.43191338,39.52,11477542,69.29,11496648,-0.181607589,14.2386179,15:29
 16 32 32 32,112, 3 4 3 3,3,13, 32 32 32 32,128,32,4,17.22631264,38.43,11477206,53.44,11496312,-0.025627915,5.158742428,14:05
 8 32 16 16 32,104, 4 3 4 6 4,4,21, 32 32 32 32 32,160,32,5,17.20748901,39.57,11477407,52.95,11496513,-0.024469946,4.978100777,15:10
 32 32 32 32 16,144, 3 3 4 3 3,3,16, 32 32 32 32 32,160,32,5,17.1849308,38.98,11477084,56.9,11496190,-0.020329865,5.746651173,9:40
 16 8 32 32 16,104, 3 4 6 6 3,3,22, 32 32 32 32 32,160,32,5,16.83969116,38.79,11477226,57.52,11496332,-0.02824584,5.155862331,11:54
 32 32 16 32 8,120, 3 3 3 6 3,3,18, 32 32 32 32 32,160,32,5,16.8200798,39.38,11477091,54.09,11496197,-0.010879174,5.099639893,9:47
 16 16 8 16,56, 3 4 6 4,3,17, 32 32 32 32,128,32,4,16.79986572,41.75,11477505,47.3,11496611,-0.014770823,3.49829793,12:05
 16 8 8 32 16 16 16,112, 4 3 6 3 3 3 4,4,26, 32 32 32 32 32 32 32,224,32,7,16.72512627,40.45,11477546,60.37,11496652,-0.102690257,12.46665382,14:26
 16 32 32 32 16 16,144, 3 3 6 4 4 3,3,23, 32 32 32 32 32 32,192,32,6,16.67617226,40.25,11477186,63.61,11496292,-0.043198053,6.358778,15:30
 32 16 16 16,80, 3 3 6 4,3,16, 32 32 32 32,128,32,4,16.499897,40.54,11477072,48.52,11496178,-0.006306045,4.081252575,8:40
 8 8 8 8 8 8,48, 4 3 6 6 6 6,4,31, 32 32 32 32 32 32,192,32,6,16.15368652,41.15,11477554,56.49,11496660,-0.033966169,4.049310207,16:08
 32 16 16 32 16,112, 3 3 4 6 4,3,20, 32 32 32 32 32,160,32,5,16.06778336,39.12,11477116,54.69,11496222,-0.013959683,4.93467474,10:10
 16 8 32 16 8 32 8,120, 3 4 4 4 3 6 3,3,27, 32 32 32 32 32 32 32,224,32,7,16.03778648,40.49,11477127,65.85,11496233,-0.181258053,12.73190308,14:10
 16 16 16 8 16,72, 3 4 3 4 4,3,18, 32 32 32 32 32,160,32,5,15.95563889,38.39,11477478,52.77,11496584,-0.026464272,4.087383747,11:34
 32 16 16 8 16 32 32,152, 3 3 4 4 4 3 4,3,25, 32 32 32 32 32 32 32,224,32,7,15.8935194,41.42,11477220,63.14,11496326,-0.307887852,18.43810272,17:57
 32 16 32 32 8 8 8,136, 3 3 3 4 6 6 3,3,28, 32 32 32 32 32 32 32,224,32,7,15.8898468,39.29,11477234,66.61,11496340,-0.10521625,11.55220699,13:43
 8 8 8 32 16,72, 3 4 6 6 6,3,25, 32 32 32 32 32,160,32,5,15.81871319,39.76,11477495,52.88,11496601,-0.019476969,4.132946014,12:07
 8 16 32 8 8,72, 3 4 4 4 6,3,21, 32 32 32 32 32,160,32,5,15.80773544,38.19,11477114,55.34,11496220,-0.021602796,4.234473228,9:35
 32 16 32 8 16 8 16,128, 3 3 3 4 3 4 4,3,24, 32 32 32 32 32 32 32,224,32,7,15.78639793,43.17,11477355,58.99,11496461,-0.262055427,13.19144249,16:29
 8 16 32 16 32 8,112, 3 4 4 3 4 6,3,24, 32 32 32 32 32 32,192,32,6,15.76581955,42.57,11477248,62.61,11496354,-0.041488171,5.655916691,13:07
 8 16 32 16 8,80, 3 4 4 3 4,3,18, 32 32 32 32 32,160,32,5,15.7403698,41.67,11477102,50.89,11496208,-0.019606164,4.473709106,9:25
 32 16 8 8 16 32 16,128, 3 3 4 3 3 4 3,3,23, 32 32 32 32 32 32 32,224,32,7,15.71150208,42.93,11477108,62.55,11496214,-0.170081586,14.07487965,11:12
 8 8 8 32 16 8,80, 3 4 6 4 4 3,3,24, 32 32 32 32 32 32,192,32,6,15.6800766,39.1,11477201,60.34,11496307,-0.024375886,4.555263042,16:42
 16 8 16 32 8,80, 3 4 3 6 6,3,22, 32 32 32 32 32,160,32,5,15.66547775,38.3,11477088,54.92,11496194,-0.015125152,4.406756401,9:40
 32 8 32 8 32 32 8,152, 3 3 4 4 4 3 4,3,25, 32 32 32 32 32 32 32,224,32,7,15.62214851,42.46,11477426,70.53,11496532,-0.135277748,15.14563179,13:12
 16 32 16 16,80, 3 3 3 6,3,15, 32 32 32 32,128,32,4,15.49545765,42.06,11477081,47.73,11496187,-0.015940774,4.114659309,8:27
 16 32 16 8 16 16 8,112, 3 3 3 4 3 4 6,3,26, 32 32 32 32 32 32 32,224,32,7,15.40508461,39.32,11477134,62.89,11496240,-0.305309623,14.30506325,15:35
 16 8 16 8 8,56, 3 4 3 3 4,3,17, 32 32 32 32 32,160,32,5,15.38499451,41.36,11477185,50.77,11496291,-0.021772532,3.728056669,14:59
 32 8 16 32 16 16 16,136, 3 3 4 3 4 3 3,3,23, 32 32 32 32 32 32 32,224,32,7,15.38386631,40,11477392,66.37,11496498,-0.103567608,12.28287029,16:22
 8 32 16 32 32 8 16,144, 3 3 4 6 3 6 6,3,31, 32 32 32 32 32 32 32,224,32,7,15.21342754,39.49,11477293,59.67,11496399,-0.161924809,14.66914845,16:32
 16 8 32 32 32,120, 3 3 6 4 6,3,22, 32 32 32 32 32,160,32,5,15.10154533,38.96,11477132,61.49,11496238,-0.03281749,5.520451546,14:09
 8 8 8 16 32,72, 4 3 3 4 4,4,18, 32 32 32 32 32,160,32,5,15.05523014,37.93,11477320,54.31,11496426,-0.02466986,4.160204887,13:32
 32 8 8 8 16,72, 3 3 3 4 4,3,17, 32 32 32 32 32,160,32,5,14.94995308,37.76,11477380,49.44,11496486,-0.028139891,3.856764793,11:34
 8 16 8 16 32 16,96, 3 3 6 3 6 3,3,24, 32 32 32 32 32 32,192,32,6,14.44939613,42.73,11477476,64.16,11496582,-0.037009012,5.413158417,15:52
 8 8 32 8,56, 3 3 3 3,3,12, 32 32 32 32,128,32,4,13.18461132,43.02,11477455,49.77,11496561,-0.019274421,3.73739171,10:30
 8 8 8 8 16 32,80, 3 3 3 6 6 3,3,24, 32 32 32 32 32 32,192,32,6,13.12644768,40.57,11477222,57.86,11496328,-0.047851909,5.930839539,12:55
