mlp_ratio,sum_mlp_ratio,num_heads,sum_num_heads,embed_dim,sum_embed,layer_num,dss score,retrain accuracy100,resultfilename,grasp score,snip score,training time,OA, AA, Kappa,Params,FLOPS
16 8 16 32 16 16 16,120,4 4 6 3 6 3 4,30,64 64 64 64 64 64 64,448,7,81.84183502,77.39,config_11728442,-0.798929751,46.60014343,15:52,0.774,0.8561,0.7454,1713168,7877787648
32 16 32 32,112,6 3 4 3,16,32 32 32 32,128,4,22.5269146,53.69,config_11728443,-0.008666426,5.143665314,23:25,0.5367,0.6895,0.4844,446736,3808870400
16 32 8 16 16 16,104,6 6 3 6 4 4,29,128 128 128 128 128 128,768,6,454.1846619,81.44,config_11728444,-0.308451444,65.09313202,11:30,0.8144,0.8816,0.789,4396304,10168762368
32 8 8 32,80,4 6 6 6,22,32 32 32 32,128,4,23.18886948,48.3,config_11728445,-0.009417728,4.212207317,16:23,0.4829,0.6234,0.4215,380176,3741761536
16 8 32 16 32 8 8,120,6 3 3 3 6 4 3,28,32 32 32 32 32 32 32,224,7,20.54874802,62.67,config_11728446,-0.19723019,12.05527973,19:37,0.6268,0.7668,0.5835,614864,6505807872
32 16 8 16 32 16,120,6 3 6 4 6 3,28,128 128 128 128 128 128,768,6,389.8710327,81.23,config_11728447,-0.249821067,68.56903839,16:19,0.8124,0.8813,0.787,4659472,10437197824
8 32 16 16 32 8 16,128,3 3 3 3 6 6 4,28,196 196 196 196 196 196 196,1372,7,582.046814,82.89,config_11728448,-8.272855759,338.787262,15:22,0.8288,0.8793,0.8048,9464760,16840742912
8 32 8 8,56,3 3 6 6,18,196 196 196 196,784,4,608.3516846,76.38,config_11728449,-0.92761755,83.60407257,17:56,0.7638,0.8309,0.7314,4341648,8503252992
32 8 8 32 32 16,128,6 4 4 4 6 6,30,128 128 128 128 128 128,768,6,386.6878357,82.08,config_11728450,-0.293759912,69.79875183,16:18,0.8208,0.8868,0.7967,4659472,10437197824
16 32 8 16,72,6 6 4 3,19,64 64 64 64,256,4,114.5360031,73.34,config_11728451,-0.073480181,13.96992397,14:19,0.7334,0.7982,0.6995,1017360,4530733056
32 16 8 32,88,3 4 3 4,14,196 196 196 196,784,4,696.4606934,78.97,config_11728452,-1.227407694,103.7787018,12:23,0.7897,0.857,0.7614,5523792,9710688256
8 8 32 8,56,3 6 6 6,21,32 32 32 32,128,4,19.48725891,49.78,config_11728453,-0.028411055,4.081661224,19:11,0.4978,0.6338,0.4407,330256,3691429888
8 32 8 32,80,6 3 4 3,16,128 128 128 128,512,4,351.3623047,77.37,config_11728454,-0.385773599,48.20821762,12:56,0.7737,0.8298,0.7425,2946576,6779764736
8 32 8 8,56,3 6 3 4,16,64 64 64 64,256,4,86.03464508,69.8,config_11728455,-0.050821543,11.58442879,19:06,0.6982,0.7628,0.659,885264,4396515328
32 8 32 16,88,6 3 4 3,16,64 64 64 64,256,4,97.65184784,70.55,config_11728456,-0.113132022,15.26854038,13:39,0.7056,0.8047,0.6691,1149456,4664950784
32 16 16 16,80,3 3 6 4,16,32 32 32 32,128,4,16.499897,48.51,config_11728457,-0.006306045,4.081252575,16:09,0.4851,0.5915,0.4243,380176,3741761536
32 16 8 16,72,4 6 4 6,20,64 64 64 64,256,4,102.0755157,74.79,config_11728458,-0.046233445,12.72599411,25:03:00,0.7479,0.8083,0.7141,1017360,4530733056
8 32 8 8 16,72,6 4 3 6 4,23,64 64 64 64 64,320,5,98.32288361,71.96,config_11728459,-0.059940815,13.96351147,12:16,0.7196,0.7933,0.6845,1117200,5512200192
16 32 16 32,96,6 4 6 4,20,196 196 196 196,784,4,982.8071899,78.46,config_11728460,-1.156610489,118.8816833,23:40,0.7846,0.8494,0.7555,6114864,10314405888
8 32 32 8 16 32,128,3 4 6 3 6 4,26,64 64 64 64 64 64,384,6,79.45394897,77.91,config_11728461,-0.098551273,22.04265022,25:54:00,0.7791,0.8459,0.7495,1679376,6963429376
16 16 32 16 32,112,4 6 6 6 3,25,128 128 128 128 128,640,5,393.458252,81.07,config_11728462,-0.496005118,62.54523849,20:10,0.8107,0.8632,0.7849,4197776,9011134464
32 16 32 8 8 32 8,136,6 4 3 3 3 6 4,29,196 196 196 196 196 196 196,1372,7,944.0470581,84.74,config_11728463,-6.060107231,269.1949768,22:05,0.8474,0.9036,0.8262,8873688,16237025280
8 16 32 32 16 32 32,168,3 3 4 3 4 6 3,26,196 196 196 196 196 196 196,1372,7,593.0250244,84.09,config_11728464,-5.966370106,325.5970459,15:27,0.8409,0.8977,0.8187,10055832,17444460544
32 32 8 8 16 16 16,128,4 3 4 3 6 6 3,29,64 64 64 64 64 64 64,448,7,87.52589417,78.3,config_11728465,-0.917225242,45.21290588,12:13,0.783,0.8488,0.7546,1779216,7944896512
16 32 16 16,80,3 3 3 6,15,32 32 32 32,128,4,15.49545765,48.21,config_11728466,-0.015940774,4.114659309,14:46,0.4821,0.6005,0.4201,380176,3741761536
8 8 32 32,80,3 4 4 6,17,64 64 64 64,256,4,68.95063782,71.74,config_11728467,-0.136164367,15.77499104,14:46,0.7173,0.7899,0.6776,1083408,4597841920
16 16 32 8,72,3 4 4 3,14,128 128 128 128,512,4,291.0635376,76.83,config_11728468,-0.482158452,47.9796257,14:45,0.7683,0.8367,0.7378,2946576,6779764736
32 32 32 32 16,144,3 3 4 3 3,16,32 32 32 32 32,160,5,17.1849308,56.85,config_11728469,-0.020329865,5.746651173,18:40,0.5685,0.6922,0.5189,563792,4769366016
32 16 32 16 16,112,6 3 6 6 6,27,196 196 196 196 196,980,5,926.7945557,81.02,config_11728470,-1.106321573,130.6045837,12:39,0.8102,0.8795,0.7847,7625544,12892329984
32 16 16 32 8 8 16,128,6 4 3 3 3 4 4,27,128 128 128 128 128 128 128,896,7,400.4517517,83.27,config_11728471,-4.320759773,151.5081177,16:26,0.8327,0.8937,0.8095,5121168,11863261184
32 8 16 32 8 8,104,4 3 3 6 4 4,24,196 196 196 196 196 196,1176,6,669.9716797,81.98,config_11728472,-0.87058115,128.1156921,10:45,0.8197,0.8835,0.7948,7363008,13659101184
16 8 16 32 8,80,3 4 3 6 6,22,32 32 32 32 32,160,5,15.66547775,54.95,config_11728473,-0.015125152,4.406756401,13:41,0.5494,0.684,0.4979,430672,4635148288
16 16 16 16 8 8,80,6 4 4 4 4 3,25,196 196 196 196 196 196,1176,6,960.3347168,82.44,config_11728474,-0.835083961,133.4683228,10:11,0.8244,0.8859,0.8006,7954080,14262818816
32 16 16 8,72,4 4 6 6,20,64 64 64 64,256,4,92.80214691,69.17,config_11728475,-0.065063491,12.21141529,13:57,0.6917,0.7856,0.6533,1017360,4530733056
32 32 16 32 8,120,3 3 3 6 3,18,32 32 32 32 32,160,5,16.8200798,54.07,config_11728476,-0.010879174,5.099639893,17:59,0.5407,0.6701,0.4876,513872,4719034368
8 8 16 32 32 16 16,128,4 6 6 6 3 4 3,32,128 128 128 128 128 128 128,896,7,351.9136963,82.61,config_11728477,-2.972953558,140.1238251,20:55,0.8261,0.8801,0.8021,5121168,11863261184
16 32 8 16 8,80,4 3 3 6 3,19,196 196 196 196 196,980,5,710.4366455,80.41,config_11728478,-1.134465814,111.5694962,10:43,0.8041,0.8692,0.7774,6443400,11684894720
8 16 16 16 8,64,6 3 3 6 3,21,32 32 32 32 32,160,5,20.17747307,52.98,config_11728479,-0.005384877,4.120874405,20:41,0.5298,0.6734,0.4762,397392,4601593856
16 16 16 32 8,88,3 6 4 3 6,22,196 196 196 196 196,980,5,849.9710083,81.37,config_11728480,-0.670690298,122.039917,21:38,0.8136,0.8674,0.7868,7034472,12288612352
32 16 32 16 16 16 32,160,6 3 6 6 3 3 4,31,128 128 128 128 128 128 128,896,7,398.0571899,83.12,config_11728481,-3.580622196,171.2102203,16:19,0.8311,0.8889,0.8078,5910672,12668567552
8 32 8 16 32 8,104,4 6 4 6 6 4,30,32 32 32 32 32 32,192,6,22.20484543,55.68,config_11728482,-0.039791659,5.322898388,16:10,0.5566,0.705,0.5063,531088,5578866688
32 8 8 8,56,3 3 4 3,13,196 196 196 196,784,4,587.2134399,75.79,config_11728483,-0.824443817,80.27075958,14:11,0.758,0.8341,0.7258,4341648,8503252992
8 8 32 16 16 32,112,4 6 6 3 6 3,28,32 32 32 32 32 32,192,6,21.43044662,64.33,config_11728484,-0.044716336,6.922996998,21:13,0.6432,0.7502,0.6023,547728,5595643904
8 16 32 32 16 16 16,136,6 6 3 3 6 3 6,33,64 64 64 64 64 64 64,448,7,107.6780548,77.71,config_11728485,-1.059270144,58.64990234,17:30,0.7771,0.8529,0.7482,1845264,8012005376
32 32 16 16 8 16,120,4 4 4 4 4 3,23,64 64 64 64 64 64,384,6,95.23020935,80.16,config_11728486,-0.08737047,19.05896378,11:47,0.8016,0.8322,0.7746,1613328,6896320512
8 16 32 16 8,80,3 4 4 3 4,18,32 32 32 32 32,160,5,15.7403698,50.99,config_11728487,-0.019606164,4.473709106,23:28,0.5099,0.6549,0.452,430672,4635148288
16 16 8 32 16,88,4 4 3 3 4,18,64 64 64 64 64,320,5,80.03659058,76.49,config_11728488,-0.065607265,15.50902367,20:35,0.7649,0.8217,0.7338,1249296,5646417920
8 32 32 8,80,6 4 3 6,19,128 128 128 128,512,4,380.8574829,76.93,config_11728489,-0.341448396,50.29486084,17:23,0.7695,0.8235,0.7382,2946576,6779764736
16 16 8 8 32,80,6 4 6 6 4,26,32 32 32 32 32,160,5,23.49134064,55.75,config_11728490,-0.035753071,4.44841671,18:36,0.5576,0.7022,0.509,430672,4635148288
8 16 16 32 32 8,112,6 3 3 4 4 4,24,64 64 64 64 64 64,384,6,86.53528595,77.16,config_11728491,-0.130820483,19.78482819,12:02,0.7716,0.8367,0.7419,1547280,6829211648
16 32 8 8 8 16 16,104,3 6 6 6 6 3 3,33,32 32 32 32 32 32 32,224,7,21.48618889,63.32,config_11728492,-0.264297634,12.15458488,13:14,0.6333,0.7595,0.5921,581584,6472253440
32 16 8 8 16 32 16,128,3 3 4 3 3 4 3,23,32 32 32 32 32 32 32,224,7,15.71150208,62.56,config_11728493,-0.170081586,14.07487965,12:06,0.6255,0.7989,0.5853,631504,6522585088
16 32 16 8 16 16 32,136,4 3 4 3 3 4 6,27,32 32 32 32 32 32 32,224,7,17.70942497,63.09,config_11728494,-0.485041648,18.5030899,13:29,0.6308,0.7926,0.5917,648144,6539362304
16 8 8 8 16 8,64,6 3 3 3 3 6,24,32 32 32 32 32 32,192,6,20.15188408,58.09,config_11728495,-0.040462531,4.562146187,14:23,0.5808,0.7195,0.5344,447888,5494980608
16 16 32 8,72,6 3 3 3,15,196 196 196 196,784,4,877.8132324,78.4,config_11728496,-0.811521411,101.1355362,15:31,0.784,0.8515,0.7545,5523792,9710688256
16 16 32 16,80,3 3 3 4,13,128 128 128 128,512,4,263.3178406,78.48,config_11728497,-0.437999845,52.09714508,17:10,0.7848,0.8495,0.7564,3209744,7048200192
16 16 32 32 16 8 32,152,3 3 6 6 4 3 4,29,64 64 64 64 64 64 64,448,7,71.45545197,78.78,config_11728498,-1.09148109,57.54989243,13:54,0.7877,0.8712,0.7606,1977360,8146223104
8 16 32 8 8,72,3 4 4 4 6,21,32 32 32 32 32,160,5,15.80773544,55.42,config_11728499,-0.021602796,4.234473228,16:19,0.5539,0.683,0.5034,414032,4618371072
32 8 16 8 32,96,3 3 4 4 6,20,196 196 196 196 196,980,5,603.7093506,80.03,config_11728500,-0.730338097,106.983139,12:30,0.8003,0.8705,0.7728,6443400,11684894720
32 16 16 32 16,112,3 3 4 6 4,20,32 32 32 32 32,160,5,16.06778336,54.38,config_11728501,-0.013959683,4.93467474,16:53,0.5438,0.6807,0.4913,497232,4702257152
16 8 16 32 16 16 8,112,4 4 4 3 3 3 4,25,32 32 32 32 32 32 32,224,7,17.84552765,66.65,config_11728502,-0.083929248,13.03126431,20:08,0.6664,0.7598,0.6261,598224,6489030656
32 16 16 8 16,88,4 3 3 4 4,18,64 64 64 64 64,320,5,81.6622467,75.66,config_11728503,-0.072022095,13.80980778,19:43,0.7565,0.8188,0.7241,1249296,5646417920
16 32 32 8 16 8,112,4 3 6 4 6 4,27,32 32 32 32 32 32,192,6,18.68002319,60.57,config_11728504,-0.042839251,5.246612072,12:52,0.6057,0.7517,0.5628,547728,5595643904
16 8 32 16 32,104,6 3 4 6 4,23,32 32 32 32 32,160,5,21.02999306,57.15,config_11728505,-0.027961284,5.362660408,19:06,0.5713,0.7131,0.5235,480592,4685479936
8 32 16 16 32 8 8,120,4 6 3 3 4 4 6,30,196 196 196 196 196 196 196,1372,7,855.184021,83.33,config_11728506,-5.827131748,290.688446,17:27,0.8333,0.8868,0.81,8873688,16237025280
8 32 16 16 16 32 8,128,6 3 3 3 4 4 6,29,128 128 128 128 128 128 128,896,7,351.1853027,83.57,config_11728507,-2.929944992,134.3124695,23:39,0.8358,0.8949,0.8128,5121168,11863261184
32 8 8 8,56,4 4 4 6,18,64 64 64 64,256,4,86.68698883,70.91,config_11728508,-0.042156808,10.11281776,24:42:00,0.7092,0.794,0.6716,885264,4396515328
32 8 16 32 32,120,4 6 4 4 4,22,128 128 128 128 128,640,5,379.239563,79.8,config_11728509,-0.441483229,61.87720871,25:03:00,0.7978,0.866,0.7708,4197776,9011134464
8 8 32 8 16,72,4 6 4 3 6,23,128 128 128 128 128,640,5,339.7590637,80.18,config_11728510,-0.418147326,50.05651474,18:22,0.8018,0.8664,0.7748,3145104,7937392640
32 16 32 16 8 16,120,4 6 6 4 4 6,30,32 32 32 32 32 32,192,6,23.90513992,59.41,config_11728511,-0.045339379,6.216618538,18:37,0.594,0.7449,0.5492,564368,5612421120
16 8 32 16 8 32 8,120,3 4 4 4 3 6 3,27,32 32 32 32 32 32 32,224,7,16.03778648,66.28,config_11728512,-0.181258053,12.73190308,12:59,0.6628,0.7754,0.6242,614864,6505807872
8 16 8 8 32 8 16,96,6 6 4 6 3 3 6,34,128 128 128 128 128 128 128,896,7,414.9280396,81.78,config_11728513,-4.469175816,151.2843781,22:59,0.8178,0.8744,0.7925,4331664,11057954816
8 16 16 32 16,88,4 3 4 4 6,21,196 196 196 196 196,980,5,667.1878662,82.11,config_11728514,-0.939768732,122.5858688,19:00,0.8211,0.8832,0.7969,7034472,12288612352
16 32 8 32 16,104,3 3 3 4 4,17,196 196 196 196 196,980,5,633.5655518,80.47,config_11728515,-1.118486881,114.8299789,16:28,0.8047,0.8647,0.7771,7034472,12288612352
16 16 32 8 8 16 8,104,6 6 3 4 3 3 6,31,32 32 32 32 32 32 32,224,7,26.05587196,60.5,config_11728516,-0.239834026,15.51152611,21:58,0.605,0.758,0.5615,581584,6472253440
16 8 32 32 32,120,3 3 6 4 6,22,32 32 32 32 32,160,5,15.10154533,61.49,config_11728517,-0.03281749,5.520451546,13:39,0.6148,0.7361,0.5713,513872,4719034368
16 16 16 8 32 32,120,6 6 6 6 6 4,34,196 196 196 196 196 196,1176,6,1120.445068,82.09,config_11728518,-0.863760352,139.8467712,10:36,0.8209,0.8814,0.7963,8545152,14866536448
16 32 16 8 16 16 8,112,3 3 3 4 3 4 6,26,32 32 32 32 32 32 32,224,7,15.40508461,63.4,config_11728519,-0.305309623,14.30506325,13:40,0.6341,0.7646,0.5917,598224,6489030656
8 16 32 8 32,96,4 6 3 4 3,20,128 128 128 128 128,640,5,352.4292297,80.55,config_11728520,-0.390913785,56.40942764,16:04,0.8055,0.8705,0.7789,3671440,8474263552
32 8 16 16,72,6 4 4 4,18,32 32 32 32,128,4,23.50993729,50.21,config_11728521,-0.007312451,4.151834965,19:46,0.5021,0.598,0.4437,363536,3724984320
8 16 8 8,40,6 4 3 3,16,128 128 128 128,512,4,351.3383789,76.34,config_11728522,-0.435311705,37.22568893,15:24,0.7634,0.8316,0.732,2157072,5974458368
16 32 16 16 16 16,112,6 3 3 4 6 3,25,32 32 32 32 32 32,192,6,21.93333054,59.82,config_11728523,-0.048042692,5.97863102,21:36,0.5982,0.7115,0.5522,547728,5595643904
16 32 16 8 16 16 16,120,4 3 3 3 3 3 3,22,196 196 196 196 196 196 196,1372,7,713.7094727,84.87,config_11728524,-7.708694458,320.539032,20:19,0.8486,0.9051,0.8277,10055832,17444460544
16 32 8 16 32,104,4 3 3 3 4,17,64 64 64 64 64,320,5,78.36569977,76.04,config_11728525,-0.0653743,16.323946,15:15,0.7605,0.818,0.7284,1381392,5780635648
16 16 16 16 8,72,6 4 6 6 3,25,128 128 128 128 128,640,5,400.2683716,80.02,config_11728526,-0.434189588,51.21275711,16:25,0.8003,0.8683,0.7736,3408272,8205828096
32 32 16 32 32 16 16,176,3 3 3 6 6 3 3,27,196 196 196 196 196 196 196,1372,7,650.1661377,84.31,config_11728527,-7.418691635,333.2070313,12:44,0.8431,0.9077,0.8216,10646904,18048178176
8 16 32 32 8,96,6 6 6 4 3,25,32 32 32 32 32,160,5,26.36015129,55.79,config_11728528,-0.024235288,5.436712265,13:55,0.558,0.7037,0.5078,463952,4668702720
32 16 8 32 32 16 8,144,6 6 6 6 6 4 3,37,64 64 64 64 64 64 64,448,7,121.7078247,79.95,config_11728529,-0.636504054,38.90023422,13:19,0.7996,0.8618,0.7726,1911312,8079114240
32 16 32 16,96,3 4 6 4,17,128 128 128 128,512,4,323.8453979,78.94,config_11728530,-0.353373796,53.33037186,20:34,0.7894,0.85,0.7611,3472912,7316635648
8 8 32 32 16,96,4 6 6 3 3,22,196 196 196 196 196,980,5,838.2845459,81.11,config_11728531,-0.92237401,118.4575882,18:47,0.8111,0.868,0.7844,6443400,11684894720
8 32 8 8 8,64,4 6 6 3 3,22,64 64 64 64 64,320,5,97.86488342,70.82,config_11728532,-0.063911907,12.72365189,13:16,0.7082,0.7845,0.671,1051152,5445091328
16 16 32 32 8,104,6 4 3 6 3,22,128 128 128 128 128,640,5,387.8299866,81.85,config_11728533,-0.421223402,60.24531174,14:51,0.8185,0.8659,0.7928,3934608,8742699008
16 16 8 8 32 32 8,120,6 4 6 4 6 4 6,36,32 32 32 32 32 32 32,224,7,23.4087162,64.07,config_11728534,-0.144086659,17.42341423,16:16,0.6406,0.7833,0.6004,614864,6505807872
8 32 16 32 8 16,112,4 4 3 3 3 4,21,64 64 64 64 64 64,384,6,82.491539,78.54,config_11728535,-0.073571309,19.25199699,14:53,0.7858,0.8408,0.7552,1547280,6829211648
16 32 32 32 32 8,152,4 4 6 3 4 3,24,128 128 128 128 128 128,768,6,357.4628296,81.5,config_11728536,-0.387087524,72.55182648,15:45,0.8149,0.8885,0.7897,5185808,10974068736
32 32 8 16,88,3 4 6 3,16,32 32 32 32,128,4,19.07355118,44.92,config_11728537,-0.013435874,4.122264385,16:05,0.4492,0.5671,0.3821,396816,3758538752
8 8 8 32 16,72,3 3 4 6 4,20,64 64 64 64 64,320,5,59.84614182,74.49,config_11728538,-0.056512035,13.17165184,17:35,0.745,0.8119,0.7113,1117200,5512200192
16 16 8 16 16,72,3 6 4 6 6,25,196 196 196 196 196,980,5,845.7128906,80.94,config_11728539,-1.104469299,116.6377258,13:11,0.8093,0.8772,0.7833,7034472,12288612352
8 16 16 32 32 32 32,168,6 4 3 6 3 4 4,30,64 64 64 64 64 64 64,448,7,94.14491272,79.41,config_11728540,-1.138995171,60.73227692,11:25,0.7941,0.8633,0.766,2109456,8280440832
32 8 32 32,104,6 6 6 3,21,32 32 32 32,128,4,27.75094223,53.21,config_11728541,-0.015446674,5.281863689,20:40,0.5321,0.6709,0.4788,430096,3792093184
8 8 8 8 8 32,72,6 6 3 6 3 4,28,32 32 32 32 32 32,192,6,24.65813828,59.76,config_11728542,-0.049745761,6.26255846,22:42,0.5972,0.709,0.554,464528,5511757824
32 8 32 32 8 16 16,144,6 6 4 3 6 3 4,32,32 32 32 32 32 32 32,224,7,27.19550705,64.36,config_11728543,-0.125049949,14.61236858,19:00,0.6435,0.7726,0.6046,664784,6556139520
16 32 8 16 8 32,112,4 3 6 4 4 4,25,196 196 196 196 196 196,1176,6,743.807373,83.93,config_11728544,-1.454912186,133.665863,23:13,0.8393,0.9006,0.8172,7954080,14262818816
8 16 32 16 32 16 8,128,6 6 6 4 6 3 4,35,196 196 196 196 196 196 196,1372,7,1057.54126,84.29,config_11728545,-4.792768478,276.3561096,11:10,0.8429,0.9092,0.8213,9464760,16840742912
16 16 16 8,56,3 4 6 3,16,128 128 128 128,512,4,299.2702026,76.65,config_11728546,-0.431462407,43.30371857,14:13,0.7666,0.8291,0.7359,2683408,6511329280
32 8 32 32 16 16,136,4 3 3 6 4 3,23,128 128 128 128 128 128,768,6,303.9130554,81.98,config_11728547,-0.285673916,71.60333252,16:34,0.8198,0.8774,0.7949,4922640,10705633280
8 16 32 8 32,96,3 6 3 4 4,20,128 128 128 128 128,640,5,320.302063,80.11,config_11728548,-0.395608008,56.63063049,18:49,0.8011,0.8652,0.7736,3671440,8474263552
16 16 16 32 16 8,104,3 3 6 3 4 3,22,128 128 128 128 128 128,768,6,276.8601379,81.14,config_11728549,-0.377103835,63.46854401,11:26,0.8114,0.8778,0.7852,4396304,10168762368
32 16 32 32,112,4 6 6 3,19,32 32 32 32,128,4,23.81131172,53.97,config_11728550,-0.020032406,5.27541399,16:48,0.54,0.6778,0.4884,446736,3808870400
16 8 32 8 8 32 32,136,3 6 3 6 6 6 6,36,196 196 196 196 196 196 196,1372,7,791.6624756,84.52,config_11728551,-6.760396004,337.0804138,11:41,0.8452,0.8991,0.8236,8873688,16237025280
16 16 16 8 16 32 16,120,4 6 6 6 4 4 3,33,196 196 196 196 196 196 196,1372,7,951.2769775,84.73,config_11728552,-7.643854141,324.9269104,24:29:00,0.8473,0.9052,0.826,10055832,17444460544
8 32 8 32 32,112,6 4 4 4 3,21,196 196 196 196 196,980,5,883.6721802,80.78,config_11728553,-1.036709189,109.9947891,11:36,0.8078,0.8583,0.7809,6443400,11684894720
8 16 32 8 32,96,3 6 4 6 6,25,196 196 196 196 196,980,5,801.5814209,81.12,config_11728554,-0.681447208,110.4027786,10:43,0.8112,0.8725,0.7854,6443400,11684894720
32 32 8 32,104,3 4 3 4,14,32 32 32 32,128,4,18.21196747,47.05,config_11728555,-0.00447157,4.487125397,16:31,0.4705,0.6104,0.4072,430096,3792093184
8 32 32 16 32 32 8,160,3 3 4 3 4 6 4,27,128 128 128 128 128 128 128,896,7,263.3054504,81.78,config_11728556,-2.12141037,133.8773346,11:43,0.8179,0.8762,0.7935,5647504,12400132096
16 16 32 16 8 16,104,3 4 3 4 3 4,21,196 196 196 196 196 196,1176,6,709.5562134,84.46,config_11728557,-0.963371992,140.6918335,17:34,0.8447,0.8982,0.8225,8545152,14866536448
32 32 32 16 32 8 32,184,4 4 6 3 6 6 4,33,128 128 128 128 128 128 128,896,7,377.0406189,82.31,config_11728558,-4.138905525,175.6650696,22:30,0.8231,0.879,0.7988,6173840,12937003008
16 16 32 8,72,3 3 6 4,16,128 128 128 128,512,4,278.6889954,75.46,config_11728559,-0.49994269,48.10958481,24:33:00,0.7547,0.8158,0.7212,2946576,6779764736
8 8 32 8,56,6 6 4 3,19,128 128 128 128,512,4,400.6802979,77.87,config_11728560,-0.447318494,43.62427139,18:01,0.7787,0.8377,0.7485,2420240,6242893824
16 16 8 32,72,4 4 6 3,17,64 64 64 64,256,4,83.72027588,69.08,config_11728561,-0.042682044,13.95621872,21:29,0.6907,0.7834,0.6535,1017360,4530733056
16 32 8 8 8 8 16,96,6 6 6 6 3 6 6,39,32 32 32 32 32 32 32,224,7,27.882267,62.04,config_11728562,-0.390472412,15.00497913,14:16,0.6202,0.7983,0.5779,564944,6455476224
8 16 32 8 8 32 8,112,4 3 4 4 6 6 4,31,128 128 128 128 128 128 128,896,7,278.1629028,82.87,config_11728563,-2.405982494,121.8303604,12:53,0.8287,0.8962,0.8052,4594832,11326390272
8 16 32 8 8 32 32,136,3 6 6 3 4 3 3,28,196 196 196 196 196 196 196,1372,7,818.7692871,84.77,config_11728564,-7.117861271,312.1844177,14:01,0.8477,0.9036,0.8264,8873688,16237025280
16 32 8 32 16,104,6 3 4 6 3,22,32 32 32 32 32,160,5,22.27819824,53.83,config_11728565,-0.01786017,4.872120857,16:51,0.5384,0.6788,0.4862,480592,4685479936
8 8 8 16 32 16,88,6 4 4 4 6 4,28,32 32 32 32 32 32,192,6,21.53186226,63.32,config_11728566,-0.05057836,5.651230812,20:30,0.6331,0.7406,0.5927,497808,5545312256
16 8 8 32 8,72,3 4 6 3 3,19,196 196 196 196 196,980,5,682.2401123,78.81,config_11728567,-0.948083639,104.9456253,21:59,0.7881,0.8657,0.7592,5852328,11081177088
32 16 16 8,72,6 6 3 4,19,32 32 32 32,128,4,27.02475166,46.77,config_11728568,-0.033297814,4.314357281,12:49,0.4675,0.5823,0.4022,363536,3724984320
8 16 16 32 32 16 32,152,4 6 4 4 3 3 4,28,128 128 128 128 128 128 128,896,7,355.6879578,81.8,config_11728569,-4.007665634,163.2467957,15:47,0.818,0.8783,0.7931,5647504,12400132096
16 8 16 8 8,56,3 4 3 3 4,17,32 32 32 32 32,160,5,15.38499451,50.78,config_11728570,-0.021772532,3.728056669,22:04,0.5081,0.6186,0.4511,380752,4584816640
16 32 32 32 16 16,144,3 3 6 4 4 3,23,32 32 32 32 32 32,192,6,16.67617226,63.61,config_11728571,-0.043198053,6.358778,11:18,0.636,0.7374,0.594,614288,5662752768
16 16 8 16,56,3 3 6 6,18,128 128 128 128,512,4,274.1287537,76.52,config_11728572,-0.342461765,42.46324539,14:57,0.7654,0.8329,0.7333,2683408,6511329280
8 16 16 8,48,6 6 3 3,18,64 64 64 64,256,4,105.4701691,70.95,config_11728573,-0.06866274,11.38190746,11:45,0.7095,0.7905,0.6721,819216,4329406464
32 32 8 32 16,120,3 4 6 6 4,23,32 32 32 32 32,160,5,19.35541534,54.03,config_11728574,-0.012374692,4.997534275,16:39,0.5402,0.685,0.4879,513872,4719034368
8 32 16 16 8,80,3 4 3 3 4,17,196 196 196 196 196,980,5,648.2728882,81.49,config_11728575,-0.740452349,114.0550842,18:37,0.8149,0.8617,0.7892,6443400,11684894720
32 8 16 32 8 8,104,6 3 6 4 6 3,28,64 64 64 64 64 64,384,6,99.73889923,78.48,config_11728576,-0.109137319,17.84932518,14:52,0.785,0.8451,0.7566,1481232,6762102784
8 16 32 8,64,3 3 3 6,15,64 64 64 64,256,4,63.10741425,73.68,config_11728577,-0.07936696,12.71644783,13:23,0.7368,0.7766,0.7011,951312,4463624192
32 16 8 16 16,88,6 6 4 6 3,25,64 64 64 64 64,320,5,118.5560379,74.71,config_11728578,-0.066801727,15.34492111,15:05,0.7471,0.8406,0.7158,1249296,5646417920
32 8 32 16 8 8,104,4 6 6 4 3 4,27,196 196 196 196 196 196,1176,6,895.6063843,82.25,config_11728579,-0.819324672,129.884613,16:08,0.8225,0.8917,0.7981,7363008,13659101184
16 16 8 16 8,64,6 4 4 6 3,23,128 128 128 128 128,640,5,384.8816833,78.96,config_11728580,-0.310015351,46.29639435,13:47,0.7896,0.8611,0.7615,3145104,7937392640
32 16 32 8 32 32,152,4 3 4 3 6 4,24,196 196 196 196 196 196,1176,6,726.9291382,83.84,config_11728581,-0.932258844,139.8787384,14:53,0.8384,0.8919,0.8158,8545152,14866536448
32 8 8 32,80,4 3 4 6,17,196 196 196 196,784,4,668.5055542,76.96,config_11728582,-1.239343643,100.1598816,14:21,0.7696,0.845,0.7381,4932720,9106970624
8 32 16 32 16 8 8,120,4 4 4 3 6 4 6,31,32 32 32 32 32 32 32,224,7,18.74755096,64.95,config_11728583,-0.059786409,13.78483105,17:01,0.6495,0.7349,0.6075,614864,6505807872
16 8 32 16 16 32,120,6 3 3 4 3 6,25,128 128 128 128 128 128,768,6,344.5353699,81.68,config_11728584,-0.437219054,70.68218994,17:39,0.8168,0.8744,0.7913,4659472,10437197824
16 32 8 16 32 16,120,3 6 4 4 4 6,27,64 64 64 64 64 64,384,6,91.24493408,79.04,config_11728585,-0.075008422,20.18192673,11:24,0.7905,0.8434,0.7622,1613328,6896320512
8 8 8 32 16 8,80,3 4 6 4 4 3,24,32 32 32 32 32 32,192,6,15.6800766,60.31,config_11728586,-0.024375886,4.555263042,15:14,0.6028,0.7117,0.559,481168,5528535040
32 32 32 8 8 8 8,128,3 3 3 6 3 4 4,26,128 128 128 128 128 128 128,896,7,305.0495605,82.12,config_11728587,-3.945003986,131.1937561,17:40,0.8212,0.8724,0.7967,4858000,11594825728
32 8 16 16 8 16,96,6 6 4 6 6 3,31,196 196 196 196 196 196,1176,6,1044.272217,84.13,config_11728588,-0.728798509,137.119812,19:22,0.8414,0.8999,0.8192,7954080,14262818816
8 16 16 16 16 32,104,4 4 4 3 6 3,24,64 64 64 64 64 64,384,6,78.15933228,77.29,config_11728589,-0.058571264,19.21389198,24:32:00,0.773,0.8435,0.7435,1481232,6762102784
32 32 32 32,128,6 3 6 6,21,64 64 64 64,256,4,109.2155457,73.83,config_11728590,-0.195479512,20.31066132,18:49,0.7383,0.805,0.704,1479696,5000495104
16 32 32 32,112,3 4 3 3,13,32 32 32 32,128,4,17.22631264,53.6,config_11728591,-0.025627915,5.158742428,24:34:00,0.5359,0.6778,0.4829,446736,3808870400
16 32 16 16,80,3 6 4 4,17,128 128 128 128,512,4,362.7019958,77.75,config_11728592,-0.423633665,50.69414902,14:57,0.7775,0.8405,0.7474,3209744,7048200192
8 8 32 32 8 32 8,128,3 6 3 6 4 6 6,34,64 64 64 64 64 64 64,448,7,81.24832916,78.69,config_11728593,-0.58327055,44.78683472,17:55,0.7869,0.8622,0.7587,1779216,7944896512
32 32 16 16 8 32 8,144,4 3 4 6 3 4 3,27,196 196 196 196 196 196 196,1372,7,733.779541,83.87,config_11728594,-6.168629646,268.3479614,18:33,0.8387,0.906,0.8167,9464760,16840742912
8 32 16 8 16 32,112,3 4 6 4 6 6,29,196 196 196 196 196 196,1176,6,687.1735229,82.06,config_11728595,-0.821471095,135.1939392,13:08,0.8206,0.8885,0.7961,7954080,14262818816
16 8 8 32 16 8 16,104,6 3 4 3 3 4 4,27,196 196 196 196 196 196 196,1372,7,831.0388184,83.5,config_11728596,-10.36408043,332.663208,19:30,0.835,0.8922,0.811,8873688,16237025280
16 16 8 8,48,4 3 4 3,14,64 64 64 64,256,4,73.61476898,66.83,config_11728597,-0.025194965,9.882169724,16:59,0.6683,0.7604,0.627,819216,4329406464
32 8 32 32,104,3 3 3 4,13,196 196 196 196,784,4,590.3557739,79.01,config_11728598,-0.858762026,109.6234894,21:19,0.7901,0.8521,0.7622,5523792,9710688256
16 32 16 16,80,3 6 3 3,15,64 64 64 64,256,4,90.02307892,71.85,config_11728599,-0.061647862,14.37509727,14:52,0.7185,0.787,0.6812,1083408,4597841920
16 16 8 8 16 16 32,112,4 3 3 4 6 4 3,27,128 128 128 128 128 128 128,896,7,290.6697998,81.81,config_11728600,-4.342544079,143.9206085,21:53,0.8181,0.8755,0.7931,4858000,11594825728
8 8 16 8 32 16 32,120,4 4 4 6 3 3 4,28,128 128 128 128 128 128 128,896,7,285.7379761,82.96,config_11728601,-4.047736168,152.9916992,15:07,0.8296,0.8862,0.8061,4858000,11594825728
8 32 32 16 32 16 16,152,4 4 4 6 4 3 4,29,128 128 128 128 128 128 128,896,7,325.1214905,81.8,config_11728602,-3.748102188,158.9983521,12:06,0.818,0.8779,0.7925,5647504,12400132096
16 8 16 8,48,6 3 4 4,17,64 64 64 64,256,4,87.96665955,67.96,config_11728603,-0.049774751,10.52810001,12:05,0.6796,0.767,0.6382,819216,4329406464
32 16 16 16,80,6 4 6 6,22,64 64 64 64,256,4,109.282547,73.85,config_11728604,-0.08303652,14.26656628,12:24,0.7386,0.7917,0.7032,1083408,4597841920
32 16 16 8 16 32 32,152,3 3 4 4 4 3 4,25,32 32 32 32 32 32 32,224,7,15.8935194,63.54,config_11728605,-0.307887852,18.43810272,22:28,0.6354,0.7867,0.5967,681424,6572916736
16 8 16 8,48,6 4 3 3,16,64 64 64 64,256,4,93.42732239,70.26,config_11728606,-0.054953292,10.71288872,15:13,0.7027,0.7863,0.6657,819216,4329406464
8 8 8 8 16 32,80,3 3 3 6 6 3,24,32 32 32 32 32 32,192,6,13.12644768,57.86,config_11728607,-0.047851909,5.930839539,18:17,0.5783,0.7041,0.5314,481168,5528535040
8 8 32 32 16 8 32,136,3 3 3 4 4 4 3,24,196 196 196 196 196 196 196,1372,7,532.0065918,83.33,config_11728608,-7.000827789,310.241333,18:34,0.8333,0.8887,0.8098,8873688,16237025280
16 8 32 16 8,80,6 4 6 4 4,24,196 196 196 196 196,980,5,933.7974854,80.93,config_11728609,-0.902238488,117.3321457,15:11,0.8092,0.8757,0.7827,6443400,11684894720
32 32 8 16 8,96,6 3 4 3 6,22,64 64 64 64 64,320,5,103.7170486,76.09,config_11728610,-0.075698808,15.22885132,23:46,0.761,0.8206,0.7294,1315344,5713526784
16 8 32 32 16,104,3 4 6 6 3,22,32 32 32 32 32,160,5,16.83969116,57.02,config_11728611,-0.02824584,5.155862331,12:42,0.5701,0.7142,0.5226,480592,4685479936
8 32 16 16 8 16 32,128,4 3 4 4 4 3 6,28,128 128 128 128 128 128 128,896,7,294.0862122,81.28,config_11728612,-4.804326057,172.4956512,18:17,0.8128,0.8815,0.7881,5121168,11863261184
16 8 16 16 16,72,3 4 6 3 6,22,196 196 196 196 196,980,5,694.8706665,81.37,config_11728613,-0.900122643,123.2415161,12:33,0.8137,0.8821,0.7873,7034472,12288612352
8 16 8 16 16 16 8,88,3 4 4 4 6 4 6,31,64 64 64 64 64 64 64,448,7,69.39785004,78.95,config_11728614,-0.848531961,41.24711609,18:02,0.7896,0.8469,0.7618,1448976,7609352192
8 16 32 32,88,6 3 3 3,15,128 128 128 128,512,4,334.2849121,77.99,config_11728615,-0.427555948,55.25226212,13:20,0.78,0.8349,0.749,3209744,7048200192
16 32 8 16,72,4 6 3 4,17,196 196 196 196,784,4,897.9083862,79.09,config_11728616,-1.307262182,105.5881042,14:23,0.7909,0.8557,0.7627,5523792,9710688256
8 16 8 16 32,80,6 3 6 4 3,22,196 196 196 196 196,980,5,842.5333862,80.74,config_11728617,-1.045496225,111.2990799,14:35,0.8074,0.8599,0.7803,6443400,11684894720
32 32 32 16 32,144,6 3 6 4 3,22,64 64 64 64 64,320,5,108.6830826,76.69,config_11728618,-0.137366384,20.87831688,26:08:00,0.7668,0.8371,0.7376,1711632,6116179968
32 16 32 32 8 8 8,136,3 3 3 4 6 6 3,28,32 32 32 32 32 32 32,224,7,15.8898468,66.61,config_11728619,-0.10521625,11.55220699,11:53,0.6661,0.7723,0.6263,648144,6539362304
32 32 16 32 16 16 32,176,3 3 4 6 4 6 4,30,196 196 196 196 196 196 196,1372,7,661.4793091,84.32,config_11728620,-7.587432861,350.1719666,14:31,0.8432,0.9067,0.8216,10646904,18048178176
32 16 16 8 8 8 8,96,3 4 4 6 6 3 4,30,32 32 32 32 32 32 32,224,7,17.6908226,62.28,config_11728621,-0.202489644,12.18853951,20:09,0.6227,0.75,0.5784,564944,6455476224
16 8 8 16,48,6 6 4 6,22,64 64 64 64,256,4,107.9531479,74.21,config_11728622,-0.034442224,11.55498219,22:50,0.7421,0.788,0.7067,819216,4329406464
32 8 32 32,104,4 4 4 6,18,32 32 32 32,128,4,19.44195557,54.46,config_11728623,-0.019179275,4.935553551,16:40,0.5446,0.6955,0.4935,430096,3792093184
32 32 16 8,88,3 4 6 4,17,128 128 128 128,512,4,339.9979248,77.97,config_11728624,-0.359154463,48.2057991,19:17,0.7794,0.8354,0.7495,3209744,7048200192
32 8 8 32,80,3 6 6 4,19,64 64 64 64,256,4,93.61940002,69.77,config_11728625,-0.055615164,14.01383972,27:54:00,0.6977,0.8016,0.6609,1083408,4597841920
16 8 32 16 16 8 16,112,4 6 6 4 3 6 4,33,32 32 32 32 32 32 32,224,7,22.16757965,60.1,config_11728626,-0.266456425,13.56315422,20:43,0.6008,0.7364,0.5551,598224,6489030656
8 16 32 32,88,6 4 3 6,19,196 196 196 196,784,4,884.9908447,79.59,config_11728627,-1.028401494,111.8289871,17:34,0.7959,0.8446,0.7679,5523792,9710688256
16 16 32 8 8 16 32,128,6 3 3 3 3 6 4,28,64 64 64 64 64 64 64,448,7,90.96900177,79.8,config_11728628,-1.143801808,59.06521606,13:42,0.798,0.8785,0.7718,1779216,7944896512
32 16 16 16,80,3 4 4 4,15,64 64 64 64,256,4,81.28614807,73.88,config_11728629,-0.057057053,13.50836945,14:01,0.7388,0.786,0.7031,1083408,4597841920
16 32 32 8,88,3 4 3 6,16,128 128 128 128,512,4,308.8423462,76.96,config_11728630,-0.429660052,51.99263382,19:16,0.7697,0.8291,0.7386,3209744,7048200192
8 16 8 32 32 16,112,3 4 6 3 6 3,25,64 64 64 64 64 64,384,6,72.10263062,78.46,config_11728631,-0.062062874,19.00577545,16:20,0.7845,0.8588,0.7567,1547280,6829211648
8 32 8 16 8 32 32,136,3 3 6 6 3 4 3,28,196 196 196 196 196 196 196,1372,7,612.5777588,84.06,config_11728632,-6.767473221,304.4157715,24:06:00,0.8406,0.9034,0.8189,8873688,16237025280
8 16 32 16 32 8,112,3 4 4 3 4 6,24,32 32 32 32 32 32,192,6,15.76581955,61.71,config_11728633,-0.041488171,5.655916691,19:18,0.6171,0.7478,0.575,547728,5595643904
32 16 16 32,96,4 3 3 6,16,32 32 32 32,128,4,17.73460007,52.1,config_11728634,-0.008619525,4.460047722,20:21,0.5209,0.6439,0.4641,413456,3775315968
8 8 32 16 8 32,104,6 4 4 3 4 6,27,196 196 196 196 196 196,1176,6,841.8156128,83.63,config_11728635,-0.678821683,130.8279419,18:19,0.8363,0.8984,0.8134,7363008,13659101184
8 32 16 16,72,3 4 3 6,16,196 196 196 196,784,4,652.751709,79.53,config_11728636,-0.930930912,109.1495285,11:57,0.7953,0.8595,0.7679,5523792,9710688256
8 8 8 32 16 8,80,6 4 4 6 6 4,30,32 32 32 32 32 32,192,6,21.6872921,58.6,config_11728637,-0.024725458,4.842161655,19:41,0.5859,0.7103,0.5392,481168,5528535040
32 32 8 16 32,120,3 4 4 4 6,21,64 64 64 64 64,320,5,86.42494202,74.7,config_11728638,-0.072859332,17.54277992,14:04,0.7471,0.8227,0.7149,1513488,5914853376
16 32 16 16 32 8,120,4 4 3 6 3 3,23,196 196 196 196 196 196,1176,6,786.5244751,83.03,config_11728639,-1.057807922,141.8392639,12:06,0.8303,0.8892,0.8064,8545152,14866536448
8 8 8 16 8 8 8,64,4 3 4 6 4 3 6,30,64 64 64 64 64 64 64,448,7,68.06777191,75.15,config_11728640,-0.660389483,36.83072662,15:21,0.7515,0.8292,0.7199,1250832,7408025600
16 16 16 16 16 32 8,120,3 6 6 4 3 3 3,28,64 64 64 64 64 64 64,448,7,89.18201447,77.65,config_11728641,-0.39789784,35.49682236,18:31,0.7765,0.8522,0.7479,1713168,7877787648
8 8 32 16 32 8,104,3 3 6 4 6 3,25,64 64 64 64 64 64,384,6,64.11327362,77.74,config_11728642,-0.10678225,18.42411804,19:43,0.7775,0.847,0.7489,1481232,6762102784
32 32 8 32 8,112,6 4 6 6 3,25,196 196 196 196 196,980,5,977.8408203,79.58,config_11728643,-1.13149786,112.1453934,15:52,0.7958,0.8694,0.7676,6443400,11684894720
8 16 8 16 32,80,4 3 4 6 6,23,196 196 196 196 196,980,5,660.480835,80.45,config_11728644,-1.015513897,109.9447632,16:46,0.8045,0.8554,0.7769,6443400,11684894720
8 8 32 8,56,3 3 6 3,15,196 196 196 196,784,4,562.048584,79.22,config_11728645,-0.744756341,86.1084671,23:02,0.7923,0.8706,0.7648,4341648,8503252992
32 16 16 16 32 16 16,144,6 3 3 6 3 6 3,30,32 32 32 32 32 32 32,224,7,22.19054604,65.07,config_11728646,-0.176299721,13.5104351,12:51,0.6505,0.7751,0.6102,664784,6556139520
32 8 32 16,88,3 4 6 6,19,64 64 64 64,256,4,83.16326904,71.27,config_11728647,-0.107369959,15.07012081,15:37,0.713,0.8002,0.6764,1149456,4664950784
8 32 8 16 32 16,112,4 4 6 6 6 4,30,64 64 64 64 64 64,384,6,86.55656433,79.2,config_11728648,-0.074937373,19.81306458,13:35,0.792,0.8527,0.7646,1547280,6829211648
16 32 8 32,88,4 4 4 4,16,196 196 196 196,784,4,780.8427734,79.52,config_11728649,-1.304337382,105.3015137,14:51,0.7952,0.8539,0.7658,5523792,9710688256
16 16 32 16 16,96,6 6 4 4 6,26,196 196 196 196 196,980,5,1092.850464,81.16,config_11728650,-0.938026428,128.8773499,13:25,0.8115,0.8819,0.7865,7625544,12892329984
32 32 8 8 16 8,104,4 6 3 6 3 6,28,196 196 196 196 196 196,1176,6,903.1135254,82.5,config_11728651,-1.066069245,122.5846405,21:20,0.8251,0.8773,0.8001,7363008,13659101184
16 16 16 16 32 32,128,3 6 3 4 4 6,26,32 32 32 32 32 32,192,6,19.43764305,61.28,config_11728652,-0.061324783,7.525504589,15:59,0.6124,0.7416,0.5707,581008,5629198336
8 32 8 16,64,3 3 3 6,15,64 64 64 64,256,4,66.94707489,72.96,config_11728653,-0.021774404,11.98446751,18:32,0.7298,0.7865,0.6944,951312,4463624192
32 16 8 32 32 8,128,3 6 3 4 3 4,23,196 196 196 196 196 196,1176,6,828.5266113,82.72,config_11728654,-1.077279329,128.4138489,15:38,0.8272,0.8913,0.8035,7954080,14262818816
16 8 32 16 8 32,112,3 3 3 6 6 4,25,128 128 128 128 128 128,768,6,249.8166351,80.72,config_11728655,-0.414295495,64.89679718,22:46,0.8073,0.8796,0.7811,4396304,10168762368
16 8 16 8 8,56,4 6 3 6 6,25,196 196 196 196 196,980,5,861.9957886,80.23,config_11728656,-0.626972258,101.2443848,22:13,0.8024,0.8721,0.7759,5852328,11081177088
8 8 16 32 8,72,6 6 6 3 6,27,32 32 32 32 32,160,5,25.63964653,53.05,config_11728657,-0.014632158,4.653111935,13:06,0.5303,0.6527,0.4773,414032,4618371072
16 16 32 32 32 8 32,168,3 4 3 4 6 6 4,30,196 196 196 196 196 196 196,1372,7,711.4196167,83.48,config_11728658,-9.19102478,349.8495789,19:14,0.8348,0.8933,0.8114,10055832,17444460544
32 16 16 32 8 16 8,128,3 6 4 6 6 4 6,35,196 196 196 196 196 196 196,1372,7,857.083374,84.14,config_11728659,-4.894474983,293.6472778,14:21,0.8413,0.9009,0.8193,9464760,16840742912
32 8 32 16 8 32 32,160,3 6 3 3 6 4 4,29,32 32 32 32 32 32 32,224,7,20.39889908,63.44,config_11728660,-0.233587384,18.40552139,13:06,0.6343,0.7705,0.594,698064,6589693952
16 16 8 32 16 32 32,152,3 3 3 6 3 3 3,24,196 196 196 196 196 196 196,1372,7,638.0447998,85.15,config_11728661,-7.565634727,323.7703552,14:08,0.8515,0.9076,0.8307,10055832,17444460544
16 8 16 32 8 8 32,120,4 6 6 6 3 3 3,31,196 196 196 196 196 196 196,1372,7,899.9147339,83.24,config_11728662,-6.627603531,316.0475769,17:55,0.8324,0.8831,0.8086,8873688,16237025280
8 32 16 8,64,6 6 6 4,22,196 196 196 196,784,4,1051.620117,78.17,config_11728663,-0.654671371,96.66746521,20:14,0.7817,0.864,0.7526,4932720,9106970624
32 8 32 16 32 8 32,160,3 6 3 6 3 3 6,30,196 196 196 196 196 196 196,1372,7,792.3323364,83.72,config_11728664,-7.464063168,359.3273926,19:30,0.8372,0.9027,0.815,9464760,16840742912
16 16 8 16 32 8,96,6 3 6 3 3 6,27,128 128 128 128 128 128,768,6,369.645874,81.13,config_11728665,-0.320605338,59.6930275,11:49,0.8113,0.8716,0.7858,4133136,9900326912
8 32 8 8 16,72,3 6 4 3 4,20,32 32 32 32 32,160,5,19.93887329,51.04,config_11728666,-0.036341511,4.247299671,11:00,0.5101,0.6599,0.4523,414032,4618371072
16 8 16 16,56,4 6 4 4,18,32 32 32 32,128,4,21.23278236,50.33,config_11728667,-0.021264251,3.961266994,13:08,0.5034,0.6019,0.4458,330256,3691429888
16 16 16 16,64,6 4 6 4,20,32 32 32 32,128,4,23.43127441,47.62,config_11728668,-0.007863242,4.023855686,11:22,0.4759,0.5817,0.413,346896,3708207104
8 32 16 32 16,104,3 3 3 3 3,15,196 196 196 196 196,980,5,580.0997314,81.09,config_11728669,-0.81889987,120.5768356,10:40,0.8109,0.8774,0.7851,7034472,12288612352
32 8 32 16,88,6 4 4 6,20,196 196 196 196,784,4,910.6749268,79.5,config_11728670,-0.960809708,112.4797745,12:39,0.795,0.8535,0.7668,5523792,9710688256
32 16 32 32 32 16 32,192,4 3 6 3 6 4 4,30,128 128 128 128 128 128 128,896,7,333.4761963,83.03,config_11728671,-3.769095898,171.4985962,17:53,0.8303,0.8934,0.8072,6437008,13205438464
8 32 8 16,64,3 4 4 6,17,64 64 64 64,256,4,75.22916412,74.08,config_11728672,-0.020442821,12.35374641,14:59,0.7409,0.7899,0.7065,951312,4463624192
32 32 8 8,80,6 4 3 4,17,64 64 64 64,256,4,109.099556,67.36,config_11728673,-0.069055676,13.27222347,22:14,0.6736,0.7525,0.6328,1083408,4597841920
16 16 16 16 8 32,104,3 6 6 4 6 6,31,128 128 128 128 128 128,768,6,356.4194641,81.83,config_11728674,-0.399975538,64.82249451,20:55,0.8183,0.8816,0.7934,4396304,10168762368
8 32 16 32 32,120,3 4 6 4 6,23,196 196 196 196 196,980,5,688.491272,81.5,config_11728675,-0.997370183,121.6196976,21:57,0.815,0.8789,0.7895,7034472,12288612352
8 32 16 32 32,120,6 3 6 4 4,23,128 128 128 128 128,640,5,368.9361572,82,config_11728676,-0.446941376,62.65494919,17:26,0.8201,0.8674,0.7951,4197776,9011134464
32 32 8 32 16 16 8,144,4 4 4 3 3 4 3,25,128 128 128 128 128 128 128,896,7,358.8221741,82.05,config_11728677,-2.599682093,116.1266479,17:50,0.8204,0.8805,0.7961,5384336,12131696640
8 32 16 32 32 8 16,144,3 3 4 6 3 6 6,31,32 32 32 32 32 32 32,224,7,15.21342754,59.66,config_11728678,-0.161924809,14.66914845,14:54,0.5964,0.7458,0.5522,664784,6556139520
16 8 32 8 32 16 32,144,3 6 3 6 4 3 4,29,196 196 196 196 196 196 196,1372,7,790.993042,84.09,config_11728679,-7.17090559,325.8421631,23:32,0.8409,0.8994,0.8188,9464760,16840742912
32 8 16 16 16 32,120,3 3 3 3 6 3,21,196 196 196 196 196 196,1176,6,591.9221802,84.1,config_11728680,-0.887014627,143.63591,13:14,0.841,0.8998,0.8187,8545152,14866536448
16 32 16 32,96,4 4 4 6,18,196 196 196 196,784,4,796.1030273,79,config_11728681,-1.111573458,119.7642746,21:30,0.79,0.8517,0.7618,6114864,10314405888
8 8 16 8,40,4 6 6 6,22,196 196 196 196,784,4,840.7692871,78.79,config_11728682,-0.641047895,89.10842133,16:57,0.788,0.8545,0.7597,4341648,8503252992
32 16 16 16 8 32,120,3 6 3 6 3 6,27,32 32 32 32 32 32,192,6,20.8109436,61.09,config_11728683,-0.048111413,7.132833481,13:54,0.6108,0.7346,0.5686,564368,5612421120
32 32 8 32 8 8,120,3 3 6 4 3 6,25,196 196 196 196 196 196,1176,6,670.3279419,83.96,config_11728684,-1.180852175,123.5543137,26:18:00,0.8398,0.9005,0.8177,7363008,13659101184
32 32 32 8 16,120,4 3 3 6 3,19,64 64 64 64 64,320,5,88.97872925,77.11,config_11728685,-0.108758323,17.13196754,13:48,0.7712,0.8237,0.7407,1513488,5914853376
8 16 16 16 8,64,6 6 4 3 3,22,64 64 64 64 64,320,5,107.0127182,74.44,config_11728686,-0.062169768,13.66840172,20:31,0.7444,0.7941,0.709,1051152,5445091328
8 8 32 8 16 32 32,136,4 6 3 6 4 3 6,32,128 128 128 128 128 128 128,896,7,337.7090759,82.57,config_11728687,-3.587014675,161.3288422,14:26,0.8257,0.891,0.8023,5121168,11863261184
8 8 8 32 32,88,6 3 4 3 3,19,196 196 196 196 196,980,5,763.3463135,79.64,config_11728688,-0.978272438,103.9690857,12:33,0.7963,0.848,0.7672,5852328,11081177088
32 16 8 32,88,3 4 4 6,17,196 196 196 196,784,4,712.7930298,78.18,config_11728689,-1.233346224,105.1762924,15:53,0.7819,0.8346,0.7505,5523792,9710688256
32 32 32 16 32,144,6 3 3 4 4,20,128 128 128 128 128,640,5,400.4282532,80.56,config_11728690,-0.469535649,67.35648346,9:57,0.8055,0.8617,0.7792,4724112,9548005376
32 32 16 8 16 32,136,4 3 3 4 3 6,23,32 32 32 32 32 32,192,6,18.68794823,59.76,config_11728691,-0.060884714,7.241387367,13:36,0.5976,0.7216,0.5537,597648,5645975552
32 16 8 16 16,88,6 6 3 3 6,24,32 32 32 32 32,160,5,26.97294044,50.98,config_11728692,-0.029537996,4.644897461,17:20,0.5098,0.6481,0.4525,447312,4651925504
16 16 16 32 8 16,104,4 6 6 4 6 3,29,64 64 64 64 64 64,384,6,97.7043457,78.45,config_11728693,-0.085447751,18.62184143,19:31,0.7845,0.8477,0.7563,1481232,6762102784
16 32 16 32,96,6 4 3 4,17,64 64 64 64,256,4,102.0617447,74.26,config_11728694,-0.115755871,17.03431702,25:49:00,0.7426,0.8079,0.7104,1215504,4732059648
8 8 32 16 8 32 32,136,4 6 6 3 3 3 3,28,64 64 64 64 64 64 64,448,7,92.30970764,79.92,config_11728695,-0.958863854,55.1414299,13:52,0.7991,0.8657,0.7721,1845264,8012005376
32 16 16 8,72,6 3 6 3,18,64 64 64 64,256,4,101.4699554,67.92,config_11728696,-0.068348452,12.27141571,11:03,0.6791,0.7526,0.6365,1017360,4530733056
8 8 8 32 8 32 8,104,6 6 6 6 6 4 6,40,196 196 196 196 196 196 196,1372,7,997.6916504,83.66,config_11728697,-5.525511742,263.4714661,19:28,0.8365,0.8977,0.8137,7691544,15029590016
32 16 32 32 32 8,152,4 4 3 6 6 3,26,64 64 64 64 64 64,384,6,91.12169647,77.55,config_11728698,-0.15581724,22.97581863,17:38,0.7756,0.8493,0.7468,1877520,7164755968
8 32 32 8 8 8 8,104,4 4 3 6 4 6 4,31,196 196 196 196 196 196 196,1372,7,724.0489502,83.95,config_11728699,-5.80724144,260.7177734,22:52,0.8396,0.889,0.8168,7691544,15029590016
32 32 32 32 16 32,176,3 6 3 4 4 6,26,32 32 32 32 32 32,192,6,22.03532028,66.03,config_11728700,-0.048228599,7.907422066,18:41,0.6604,0.7566,0.6227,680848,5729861632
8 16 8 8 16,56,4 3 6 6 4,23,64 64 64 64 64,320,5,73.62585449,73.02,config_11728701,-0.046165213,11.55263424,15:29,0.7302,0.8127,0.6959,985104,5377982464
32 16 16 32,96,6 3 4 3,16,64 64 64 64,256,4,99.11968994,70.32,config_11728702,-0.111894071,16.12488937,15:42,0.7033,0.7816,0.6639,1215504,4732059648
32 32 16 32 32 32,176,4 4 3 3 4 3,21,128 128 128 128 128 128,768,6,358.1896667,83.48,config_11728703,-0.350479186,78.35005188,18:53,0.8348,0.8937,0.8118,5712144,11510939648
32 8 32 16 16,104,3 6 3 6 4,22,128 128 128 128 128,640,5,346.4724731,80.83,config_11728704,-0.385138214,57.53508377,13:52,0.8083,0.8703,0.7826,3934608,8742699008
8 8 8 16 32,72,4 3 3 4 4,18,32 32 32 32 32,160,5,15.05523014,54.3,config_11728705,-0.02466986,4.160204887,23:31,0.5431,0.6827,0.4903,414032,4618371072
32 8 8 16 8 32,104,3 3 6 6 6 3,27,196 196 196 196 196 196,1176,6,624.7199097,83.65,config_11728706,-1.186134338,127.4172897,22:25,0.8365,0.8918,0.8134,7363008,13659101184
32 32 16 32 32 16,160,3 3 6 3 6 6,27,64 64 64 64 64 64,384,6,82.84465027,78.9,config_11728707,-0.103230849,22.70176697,22:07,0.789,0.8578,0.7616,1943568,7231864832
32 32 8 8 8 8 32,128,6 6 3 6 3 6 6,36,64 64 64 64 64 64 64,448,7,121.9673843,78.93,config_11728708,-1.776940942,64.94719696,11:38,0.7893,0.8599,0.7623,1779216,7944896512
8 16 8 16,48,6 4 6 4,20,196 196 196 196,784,4,906.0585938,76.85,config_11728709,-1.149475694,98.52521515,15:03,0.7687,0.8205,0.734,4932720,9106970624
32 8 8 16,64,3 4 4 4,15,196 196 196 196,784,4,657.2879028,77.42,config_11728710,-1.125965238,98.93449402,22:34,0.7742,0.8518,0.7434,4932720,9106970624
8 16 32 8 8 8 32,112,6 3 3 6 3 4 4,29,32 32 32 32 32 32 32,224,7,20.39107704,57.72,config_11728711,-0.417451024,16.32008743,15:11,0.5771,0.7492,0.5284,598224,6489030656
16 32 32 32 8 32,152,4 6 6 6 6 4,32,64 64 64 64 64 64,384,6,104.7815323,78.95,config_11728712,-0.128878802,24.85786247,19:42,0.7895,0.8501,0.7623,1877520,7164755968
8 16 32 32 16 8,112,6 4 4 3 4 3,24,196 196 196 196 196 196,1176,6,893.4425659,83.22,config_11728713,-0.88958025,134.705368,15:41,0.8322,0.8939,0.8091,7954080,14262818816
16 32 16 8,72,6 4 6 6,22,196 196 196 196,784,4,985.2008667,78.26,config_11728714,-0.882110417,102.4157181,15:22,0.7825,0.8518,0.7529,5523792,9710688256
32 32 32 32 8 8 8,152,4 3 4 6 4 3 4,28,196 196 196 196 196 196 196,1372,7,734.0402832,83.1,config_11728715,-6.838650703,285.8404846,14:44,0.831,0.8932,0.8074,8873688,16237025280
32 16 8 32 16 16,120,3 6 3 3 4 4,23,32 32 32 32 32 32,192,6,20.57223129,61.38,config_11728716,-0.029753298,5.793021679,21:48,0.6138,0.7426,0.5727,564368,5612421120
16 16 16 32,80,6 3 4 4,17,64 64 64 64,256,4,91.1566925,73.99,config_11728717,-0.099591255,15.28566074,23:17,0.7399,0.7886,0.7067,1083408,4597841920
8 16 32 16,72,4 3 6 4,17,196 196 196 196,784,4,688.4658813,79.98,config_11728718,-1.114517927,111.2809219,16:35,0.7998,0.8597,0.7726,5523792,9710688256
16 16 32 8 8 32 16,128,3 3 3 6 6 4 6,31,196 196 196 196 196 196 196,1372,7,647.9768066,84.24,config_11728719,-7.881724358,345.4495239,12:54,0.8425,0.8975,0.8205,9464760,16840742912
16 32 32 8 16,104,3 6 4 6 3,22,128 128 128 128 128,640,5,367.9452209,79.61,config_11728720,-0.416593939,59.58119202,13:34,0.7962,0.8433,0.7681,3934608,8742699008
32 8 32 32 32 16,152,3 3 3 3 4 4,20,196 196 196 196 196 196,1176,6,591.1641235,83.99,config_11728721,-0.904050231,143.5764008,11:15,0.8399,0.8995,0.8174,8545152,14866536448
8 16 32 32 16,104,4 6 3 4 4,21,32 32 32 32 32,160,5,21.00548553,56.42,config_11728722,-0.030748118,5.432842255,14:41,0.5641,0.7061,0.5143,480592,4685479936
8 8 16 32,64,3 4 6 3,16,128 128 128 128,512,4,261.135437,78.48,config_11728723,-0.339576781,46.56708145,22:36,0.7848,0.8509,0.7559,2683408,6511329280
8 32 32 16,88,6 3 3 3,15,64 64 64 64,256,4,92.53717804,71.23,config_11728724,-0.124853596,16.56297874,23:06,0.7123,0.7714,0.6722,1149456,4664950784
8 8 16 16 32 8 16,104,6 6 3 6 4 3 3,31,32 32 32 32 32 32 32,224,7,24.80311012,63.34,config_11728725,-0.215276018,12.48752213,20:45,0.6335,0.7505,0.59,581584,6472253440
8 32 16 8 16 32,112,4 3 4 6 6 6,29,128 128 128 128 128 128,768,6,296.0595398,82.02,config_11728726,-0.403128713,69.06991577,13:19,0.8201,0.8831,0.795,4396304,10168762368
16 32 8 32 16,104,6 3 4 4 6,23,128 128 128 128 128,640,5,380.1932373,81.25,config_11728727,-0.325083435,56.61804962,10:44,0.8125,0.8655,0.7865,3934608,8742699008
32 32 16 32 32 16 16,176,4 3 3 3 4 4 6,27,32 32 32 32 32 32 32,224,7,18.70319557,61.23,config_11728728,-0.146334469,15.44991207,21:05,0.612,0.7478,0.5683,731344,6623248384
16 32 32 16 32 8,136,3 3 4 6 6 3,25,64 64 64 64 64 64,384,6,74.37007141,79.04,config_11728729,-0.105968133,20.97811699,16:24,0.7904,0.8472,0.7636,1745424,7030538240
32 32 16 32 8 8 16,144,4 4 4 4 3 3 6,28,64 64 64 64 64 64 64,448,7,95.40988922,77.2,config_11728730,-1.033665895,55.35079956,15:34,0.772,0.8568,0.7434,1911312,8079114240
16 8 32 8,64,6 6 6 6,24,196 196 196 196,784,4,1064.262695,79.15,config_11728731,-0.794475675,94.2808609,13:18,0.7915,0.8514,0.7621,4932720,9106970624
8 8 16 8 32 16,88,6 6 4 6 3 3,28,128 128 128 128 128 128,768,6,401.8598022,80.23,config_11728732,-0.421113044,62.78904724,12:21,0.8023,0.8728,0.7749,3869968,9631891456
16 32 32 32 16 8 8,144,3 4 4 6 4 4 6,31,64 64 64 64 64 64 64,448,7,81.443573,80.31,config_11728733,-0.854012847,46.97289276,12:06,0.8031,0.8597,0.7772,1911312,8079114240
16 16 32 8 32 16,120,6 4 6 4 3 4,27,196 196 196 196 196 196,1176,6,983.6149902,82.71,config_11728734,-0.871295989,138.2590637,15:42,0.8271,0.8885,0.8038,8545152,14866536448
32 32 32 32 16 16 32,192,4 4 4 6 6 3 4,31,32 32 32 32 32 32 32,224,7,21.11432266,69.47,config_11728735,-0.174091205,17.27732468,13:53,0.6948,0.7883,0.6585,764624,6656802816
16 16 16 8 32 8 16,112,3 4 3 6 4 3 3,26,196 196 196 196 196 196 196,1372,7,712.8532715,84.02,config_11728736,-9.621406555,321.4356689,12:42,0.8402,0.8946,0.818,9464760,16840742912
8 8 32 8,56,3 6 3 3,15,196 196 196 196,784,4,728.1269531,79.01,config_11728737,-0.666603267,86.6824646,15:29,0.79,0.8657,0.7621,4341648,8503252992
8 16 16 16 16 32 8,112,3 4 3 3 6 3 4,26,128 128 128 128 128 128 128,896,7,262.5857239,82.77,config_11728738,-2.515128613,121.7160797,19:44,0.8278,0.8809,0.8031,4858000,11594825728
16 16 8 32 16 16,104,4 3 3 6 6 4,26,64 64 64 64 64 64,384,6,73.93251038,78.87,config_11728739,-0.061922476,18.56690407,16:00,0.7889,0.8345,0.7601,1481232,6762102784
32 16 32 8 16 8 16,128,3 3 3 4 3 4 4,24,32 32 32 32 32 32 32,224,7,15.78639793,59.02,config_11728740,-0.262055427,13.19144249,20:13,0.5902,0.7365,0.5447,631504,6522585088
8 32 8 8,56,6 3 4 6,19,32 32 32 32,128,4,21.4206543,45.69,config_11728741,-0.025567327,3.620626926,15:19,0.4567,0.5817,0.3914,330256,3691429888
8 32 32 8 8,88,3 6 3 6 6,24,32 32 32 32 32,160,5,20.15203285,54.19,config_11728742,-0.03274196,4.856616974,17:53,0.542,0.6852,0.4894,447312,4651925504
8 16 16 8 8,56,4 6 4 6 6,26,64 64 64 64 64,320,5,91.6239624,74.9,config_11728743,-0.064510182,12.08158875,13:58,0.749,0.7889,0.715,985104,5377982464
8 16 32 16,72,6 3 3 6,18,32 32 32 32,128,4,20.36619759,48.5,config_11728744,-0.009626143,4.399439335,16:02,0.485,0.6248,0.4238,363536,3724984320
8 32 16 16 32,104,4 6 6 6 6,28,196 196 196 196 196,980,5,898.2393799,80.93,config_11728745,-0.890905857,124.2735596,12:38,0.8093,0.8669,0.7827,7034472,12288612352
8 32 32 8 8 32,120,4 4 6 4 4 6,28,128 128 128 128 128 128,768,6,333.6151733,82.3,config_11728746,-0.357552469,67.50510406,13:16,0.823,0.8825,0.7982,4396304,10168762368
8 8 8 16,40,6 6 6 3,21,64 64 64 64,256,4,106.3985748,73.39,config_11728747,-0.024472393,10.78087044,19:37,0.7341,0.7864,0.6983,753168,4262297600
8 16 32 16 32,104,3 4 4 3 3,17,64 64 64 64 64,320,5,71.06304932,77.93,config_11728748,-0.08924982,17.32039452,20:42,0.7793,0.8535,0.7507,1381392,5780635648
32 16 8 32 8 32,128,4 3 6 4 4 3,24,32 32 32 32 32 32,192,6,18.53994942,62.08,config_11728749,-0.031234359,6.450242996,15:34,0.6209,0.7332,0.5764,581008,5629198336
16 16 8 16 16,72,6 4 3 6 4,23,64 64 64 64 64,320,5,96.7702179,75.82,config_11728750,-0.045383573,14.31290817,18:00,0.7582,0.8036,0.7261,1117200,5512200192
8 16 32 16 8 16 8,104,6 4 6 3 4 6 4,33,32 32 32 32 32 32 32,224,7,22.89815903,65.97,config_11728751,-0.149623558,14.37871838,13:07,0.6597,0.768,0.617,581584,6472253440
8 32 32 8 16 16,112,6 6 3 3 4 3,25,32 32 32 32 32 32,192,6,26.32449722,59.03,config_11728752,-0.064036168,6.244937897,15:17,0.5905,0.7029,0.5434,547728,5595643904
16 32 32 8 16 8 8,120,6 3 4 3 4 3 6,29,64 64 64 64 64 64 64,448,7,97.58331299,80.03,config_11728753,-0.650947094,44.78807068,14:39,0.8003,0.8496,0.7736,1713168,7877787648
32 32 8 16,88,6 6 4 6,22,128 128 128 128,512,4,475.302948,77.81,config_11728754,-0.440708041,50.34083557,11:53,0.7783,0.8516,0.7488,3209744,7048200192
16 8 8 16 16 8,72,4 3 6 6 6 6,31,196 196 196 196 196 196,1176,6,697.7301636,82.45,config_11728755,-1.172804952,126.7568665,12:40,0.8247,0.8892,0.8004,7363008,13659101184
32 8 32 32,104,4 4 4 3,15,64 64 64 64,256,4,88.32396698,71.95,config_11728756,-0.154885709,17.50452995,17:45,0.7196,0.8044,0.6837,1281552,4799168512
16 16 32 32 32 32 8,168,4 3 6 3 6 3 4,29,64 64 64 64 64 64 64,448,7,79.18592834,79.17,config_11728757,-0.457621694,42.38035202,15:33,0.7917,0.8606,0.7638,2109456,8280440832
8 16 8 16,48,4 6 6 4,20,128 128 128 128,512,4,361.0839233,75.76,config_11728758,-0.397218645,40.78261185,16:58,0.7578,0.8324,0.7257,2420240,6242893824
16 16 8 16 32 16 16,120,4 6 4 4 6 6 3,33,196 196 196 196 196 196 196,1372,7,914.1304321,84.54,config_11728759,-8.178283691,330.7007141,21:26,0.8454,0.9031,0.8239,10055832,17444460544
16 16 32 32 16,112,6 3 3 4 6,22,32 32 32 32 32,160,5,21.11848831,57.46,config_11728760,-0.021012317,5.454042435,10:52,0.5744,0.7137,0.5273,497232,4702257152
32 8 8 16 32 16,112,6 4 6 4 6 4,30,196 196 196 196 196 196,1176,6,924.6741333,83.31,config_11728761,-1.16749692,136.8837891,17:20,0.8331,0.8952,0.8102,7954080,14262818816
32 8 32 16 8,96,4 4 3 3 3,17,64 64 64 64 64,320,5,87.02272034,74.75,config_11728762,-0.106664255,15.96154213,13:46,0.7475,0.8031,0.7137,1315344,5713526784
32 8 16 16 16 32 8,128,4 4 4 4 6 6 6,34,64 64 64 64 64 64 64,448,7,87.33538818,77.31,config_11728763,-0.463992923,43.26917648,16:39,0.7731,0.8647,0.7446,1779216,7944896512
16 32 16 16,80,6 6 6 3,21,128 128 128 128,512,4,470.3066406,79.09,config_11728764,-0.445768088,51.29885483,19:12,0.7911,0.8488,0.7628,3209744,7048200192
32 8 8 8 16,72,3 3 3 4 4,17,32 32 32 32 32,160,5,14.94995308,49.44,config_11728765,-0.028139891,3.856764793,19:47,0.4947,0.6411,0.4345,414032,4618371072
8 32 16 32,88,3 6 4 3,16,128 128 128 128,512,4,339.6640625,78.63,config_11728766,-0.409119785,51.95663834,19:53,0.7863,0.8406,0.7571,3209744,7048200192
8 16 16 8 16 8,72,3 6 6 3 4 6,28,128 128 128 128 128 128,768,6,332.4102173,80.85,config_11728767,-0.390187383,56.22564697,20:55,0.8085,0.8668,0.7824,3606800,9363456000
8 8 32 16 16 16,96,6 3 3 4 4 4,24,196 196 196 196 196 196,1176,6,766.010376,82.72,config_11728768,-0.867174208,138.1670227,11:30,0.8272,0.9023,0.8038,7954080,14262818816
16 8 16 8 16 32 8,104,4 3 3 4 4 4 4,26,196 196 196 196 196 196 196,1372,7,664.2838745,84.25,config_11728769,-6.830670357,265.5927124,14:53,0.8425,0.8999,0.8207,8873688,16237025280
8 8 16 8 32 16,88,3 4 3 3 6 6,25,196 196 196 196 196 196,1176,6,597.3220215,83.57,config_11728770,-0.764831901,128.8022003,23:13,0.8357,0.896,0.8126,7363008,13659101184
8 8 32 16 8 16,88,4 6 6 3 3 4,26,128 128 128 128 128 128,768,6,350.9819336,81.43,config_11728771,-0.413102478,60.17396545,14:54,0.8143,0.8742,0.7893,3869968,9631891456
16 16 8 8 32 32,112,4 6 3 3 6 3,25,196 196 196 196 196 196,1176,6,897.6972656,82.49,config_11728772,-1.136879206,131.1990967,14:44,0.8249,0.8888,0.8009,7954080,14262818816
8 32 32 16 32,120,3 3 4 6 3,19,196 196 196 196 196,980,5,598.4989014,81.46,config_11728773,-0.878731728,122.1653976,10:40,0.8146,0.8646,0.7883,7034472,12288612352
16 32 8 32 8 8 8,112,3 6 3 4 6 3 4,29,32 32 32 32 32 32 32,224,7,20.4581337,63.47,config_11728774,-0.103139162,12.18079185,10:33,0.6347,0.7505,0.594,598224,6489030656
8 32 16 16,72,3 6 4 6,19,128 128 128 128,512,4,342.0690613,76.76,config_11728775,-0.434523463,48.80760193,19:31,0.7676,0.8381,0.737,2946576,6779764736
32 8 32 16 16 8,112,3 6 3 3 6 6,27,128 128 128 128 128 128,768,6,344.1239014,82.45,config_11728776,-0.310178339,62.66900253,16:24,0.8245,0.8877,0.8005,4396304,10168762368
32 8 16 32 16 16 16,136,3 3 4 3 4 3 3,23,32 32 32 32 32 32 32,224,7,15.38386631,66.38,config_11728777,-0.103567608,12.28287029,20:01,0.6637,0.7408,0.6203,648144,6539362304
16 16 8 16 8,64,3 4 3 3 3,16,128 128 128 128 128,640,5,280.5588684,80.67,config_11728778,-0.274497122,45.0959549,20:52,0.8067,0.8617,0.7804,3145104,7937392640
16 32 32 16 32 32 16,176,4 3 6 6 6 3 4,32,64 64 64 64 64 64 64,448,7,85.29917908,77.38,config_11728779,-0.803977609,52.95364761,25:36:00,0.7739,0.8495,0.7451,2175504,8347549696
16 16 8 8,48,3 4 6 6,19,196 196 196 196,784,4,735.9552002,75.89,config_11728780,-1.069308519,90.60665131,16:49,0.7589,0.8408,0.7263,4932720,9106970624
16 32 16 8 16 16 8,112,6 6 6 3 6 4 3,34,32 32 32 32 32 32 32,224,7,27.8250618,64.32,config_11728781,-0.293194026,12.24302292,13:40,0.6432,0.7559,0.6024,598224,6489030656
32 8 8 8,56,3 4 4 6,17,64 64 64 64,256,4,78.24028015,70.93,config_11728782,-0.034927092,10.12568951,21:07,0.7096,0.7957,0.6716,885264,4396515328
32 8 8 32,80,3 4 4 6,17,128 128 128 128,512,4,291.7863464,78.06,config_11728783,-0.429489166,48.03504944,15:06,0.7806,0.8522,0.7514,2946576,6779764736
8 16 32 8 32 32 8,136,6 3 4 6 3 4 3,29,64 64 64 64 64 64 64,448,7,89.43914032,80.96,config_11728784,-0.416042835,38.97322083,14:36,0.8097,0.8861,0.7847,1845264,8012005376
32 32 8 16,88,4 4 4 4,16,196 196 196 196,784,4,780.8427734,79.52,config_11728785,-1.304337502,105.3015137,24:37:00,0.7952,0.8539,0.7658,5523792,9710688256
16 16 32 16 16 32 16,144,4 6 4 4 4 6 3,31,64 64 64 64 64 64 64,448,7,96.21665192,77.78,config_11728786,-0.798248768,46.42260361,15:52,0.7778,0.863,0.7498,1911312,8079114240
16 16 16 32 32 32 8,152,3 4 3 3 6 3 3,25,128 128 128 128 128 128 128,896,7,286.2036133,82.92,config_11728787,-2.26480341,119.6311188,13:03,0.8292,0.8845,0.8053,5647504,12400132096
32 8 32 16 8,96,4 3 4 3 3,17,32 32 32 32 32,160,5,17.58952522,50.97,config_11728788,-0.016412204,4.657853127,13:44,0.5097,0.672,0.4513,463952,4668702720
32 32 8 32,104,6 3 6 3,18,64 64 64 64,256,4,106.2642288,70.82,config_11728789,-0.108645357,16.64096069,15:07,0.7083,0.8066,0.6738,1281552,4799168512
32 16 16 8 8,80,4 4 3 4 6,21,64 64 64 64 64,320,5,88.69538116,75.19,config_11728790,-0.063218519,13.12110233,15:26,0.7519,0.7992,0.7187,1183248,5579309056
32 32 16 32 16,128,3 3 4 3 6,19,64 64 64 64 64,320,5,80.10500336,75.59,config_11728791,-0.122359864,18.19062042,12:36,0.7559,0.835,0.7249,1579536,5981962240
8 32 16 16 32,104,4 3 4 6 4,21,32 32 32 32 32,160,5,17.20748901,52.95,config_11728792,-0.024469946,4.978100777,20:49,0.5295,0.6786,0.4742,480592,4685479936
16 8 8 8,40,4 4 3 4,15,196 196 196 196,784,4,715.4735718,73.8,config_11728793,-0.883920491,80.80864716,17:44,0.738,0.8262,0.7029,4341648,8503252992
16 8 16 32,72,4 4 3 4,15,32 32 32 32,128,4,17.53419304,50.97,config_11728794,-0.013101224,4.13199091,19:03,0.5098,0.63,0.4545,363536,3724984320
16 8 8 32 16 16,96,3 6 6 3 3 6,27,128 128 128 128 128 128,768,6,333.9430847,81.59,config_11728795,-0.420060456,62.67720413,9:58,0.8158,0.8761,0.7907,4133136,9900326912
32 8 16 16 16 16 8,112,4 3 4 3 3 4 4,25,128 128 128 128 128 128 128,896,7,301.8607788,82.64,config_11728796,-2.903180599,121.5916443,17:18,0.8264,0.8652,0.8015,4858000,11594825728
16 16 8 32 16,88,3 4 3 4 3,17,64 64 64 64 64,320,5,71.90010071,76.62,config_11728797,-0.050490558,15.22147846,24:57:00,0.7663,0.82,0.735,1249296,5646417920
16 32 16 32,96,6 3 4 4,17,64 64 64 64,256,4,96.47000885,72.51,config_11728798,-0.114231415,16.727211,19:39,0.7252,0.7779,0.6866,1215504,4732059648
32 8 8 8 8 8,72,3 4 6 6 3 3,25,196 196 196 196 196 196,1176,6,687.3567505,83.06,config_11728799,-0.843764365,106.7118073,15:57,0.8306,0.885,0.8069,6180864,12451665920
16 16 32 16 16 32,128,6 3 4 4 4 3,24,196 196 196 196 196 196,1176,6,897.0406494,85.19,config_11728800,-0.938155413,149.2558136,22:05,0.8519,0.9063,0.8308,9136224,15470254080
32 32 32 16,112,6 4 3 6,19,128 128 128 128,512,4,425.3329468,78.87,config_11728801,-0.376131564,57.51059341,23:56,0.7887,0.8501,0.7596,3736080,7585071104
8 8 32 32 16 8,104,3 4 6 4 3 4,24,128 128 128 128 128 128,768,6,266.3239441,79.39,config_11728802,-0.32425797,61.91035461,19:46,0.7939,0.8704,0.766,4133136,9900326912
16 8 32 8 8,72,4 4 3 3 6,20,64 64 64 64 64,320,5,78.93691254,76.11,config_11728803,-0.080055408,13.50674152,10:53,0.761,0.8059,0.7297,1117200,5512200192
8 16 32 16,72,6 6 6 3,21,64 64 64 64,256,4,111.0808716,72,config_11728804,-0.112114958,15.25334072,16:07,0.72,0.7973,0.6831,1017360,4530733056
32 32 32 8 16,120,4 3 6 3 4,20,32 32 32 32 32,160,5,19.80483627,56.3,config_11728805,-0.024246003,5.064551353,19:53,0.5628,0.7067,0.5136,513872,4719034368
32 8 32 8,80,3 4 6 3,16,128 128 128 128,512,4,305.9974365,75.41,config_11728806,-0.382171661,44.97859955,15:20,0.7541,0.8075,0.7212,2946576,6779764736
8 16 32 8,64,6 4 6 4,20,64 64 64 64,256,4,98.44231415,72.74,config_11728807,-0.088318318,13.50826836,19:40,0.7274,0.8065,0.6926,951312,4463624192
8 32 16 16 8 16,96,4 4 3 4 6 3,24,128 128 128 128 128 128,768,6,315.3114014,81.07,config_11728808,-0.429624856,62.58784485,12:28,0.8106,0.883,0.7848,4133136,9900326912
32 8 32 32,104,4 3 4 3,14,196 196 196 196,784,4,672.6733398,79.68,config_11728809,-0.981156945,111.2644958,13:41,0.7968,0.8538,0.7686,5523792,9710688256
16 8 8 32 32 16 32,144,3 6 3 6 3 3 3,27,196 196 196 196 196 196 196,1372,7,781.1760864,83.85,config_11728810,-6.473751068,315.3934326,26:12:00,0.8385,0.8984,0.8157,9464760,16840742912
32 8 32 8 32 32 8,152,3 3 4 4 4 3 4,25,32 32 32 32 32 32 32,224,7,15.62214851,70.53,config_11728811,-0.135277748,15.14563179,15:44,0.7052,0.7764,0.6681,681424,6572916736
32 16 32 8 32 16,136,6 3 6 3 4 4,26,32 32 32 32 32 32,192,6,23.17887306,63.19,config_11728812,-0.051164586,6.460356236,23:27,0.6319,0.7574,0.5893,597648,5645975552
16 16 32 8 32,104,3 3 3 3 3,15,128 128 128 128 128,640,5,262.6568909,80.28,config_11728813,-0.486239344,57.83140182,12:28,0.8029,0.8717,0.7761,3934608,8742699008
16 32 16 8 8 32,112,6 4 4 3 4 3,24,196 196 196 196 196 196,1176,6,956.2581787,84.02,config_11728814,-0.763468504,129.7485046,17:25,0.8402,0.8917,0.818,7954080,14262818816
16 8 16 16 8,64,6 6 4 6 6,28,128 128 128 128 128,640,5,425.0600586,79.11,config_11728815,-0.482799232,49.27127838,19:42,0.7911,0.8647,0.7632,3145104,7937392640
32 32 32 8,104,3 6 4 4,17,64 64 64 64,256,4,100.3885803,71.29,config_11728816,-0.110194117,16.16571236,15:22,0.7127,0.791,0.6757,1281552,4799168512
32 8 8 8,56,4 3 4 3,14,64 64 64 64,256,4,78.86551666,68.7,config_11728817,-0.039827608,9.81295681,17:31,0.687,0.772,0.6473,885264,4396515328
32 16 16 8 16,88,3 3 6 3 6,21,196 196 196 196 196,980,5,678.2398071,80.14,config_11728818,-0.887931526,114.6129456,12:06,0.8014,0.8706,0.7743,7034472,12288612352
16 8 8 32 16 8,88,4 6 3 6 4 4,27,128 128 128 128 128 128,768,6,353.3907776,79.38,config_11728819,-0.431476295,57.02257538,16:57,0.7938,0.8659,0.7666,3869968,9631891456
8 16 32 8 16 16,96,3 4 3 3 3 3,19,196 196 196 196 196 196,1176,6,646.7302246,83.03,config_11728820,-0.793722808,132.3882446,18:05,0.8303,0.8901,0.8067,7954080,14262818816
32 16 32 8,88,4 4 3 6,17,32 32 32 32,128,4,19.55435371,49.41,config_11728821,-0.022167733,4.263225079,18:47,0.494,0.6361,0.4368,396816,3758538752
32 8 16 32 8 32 16,144,6 3 3 6 4 6 6,34,128 128 128 128 128 128 128,896,7,363.6126709,82.59,config_11728822,-3.598969698,155.266861,18:17,0.8259,0.8833,0.802,5384336,12131696640
8 8 16 32 32,96,4 3 4 4 3,18,64 64 64 64 64,320,5,68.39457703,75.79,config_11728823,-0.109921604,16.1176548,12:47,0.7581,0.8197,0.7231,1315344,5713526784
16 8 16 16,56,4 4 3 3,14,196 196 196 196,784,4,725.9432373,78.75,config_11728824,-0.999578953,111.638649,11:45,0.7877,0.8525,0.7587,5523792,9710688256
32 8 8 16 16 16,96,4 6 4 4 3 4,25,32 32 32 32 32 32,192,6,22.43805695,59.7,config_11728825,-0.043329418,5.531308651,17:30,0.5968,0.7029,0.5519,514448,5562089472
32 8 16 32 8 8 8,112,4 3 4 6 3 4 6,30,128 128 128 128 128 128 128,896,7,305.2614136,81.62,config_11728826,-3.320988417,125.477211,19:15,0.8162,0.8672,0.791,4594832,11326390272
32 8 16 32,88,4 6 4 3,17,64 64 64 64,256,4,99.56821442,69.25,config_11728827,-0.103925243,15.26595592,14:19,0.6925,0.7768,0.655,1149456,4664950784
32 32 8 8 32,112,6 3 4 4 4,21,64 64 64 64 64,320,5,103.8760376,73.23,config_11728828,-0.091240644,16.75438499,11:24,0.7323,0.8081,0.6984,1447440,5847744512
8 32 32 8 16 8 32,136,3 4 3 3 6 4 6,29,64 64 64 64 64 64 64,448,7,75.55340576,80.78,config_11728829,-1.786077976,67.85003662,12:58,0.8078,0.8749,0.7828,1845264,8012005376
32 32 32 8,104,6 6 4 6,22,196 196 196 196,784,4,1091.773315,78.15,config_11728830,-0.759630263,102.1235962,18:26,0.7815,0.8447,0.7513,5523792,9710688256
16 32 8 8 8 32,104,4 4 6 6 4 3,27,128 128 128 128 128 128,768,6,351.9916687,82.11,config_11728831,-0.302407891,59.62013245,11:41,0.8211,0.8793,0.7963,4133136,9900326912
32 32 32 8 16 8,128,3 6 3 4 6 4,26,128 128 128 128 128 128,768,6,380.4033508,81.45,config_11728832,-0.311516404,65.81291199,10:12,0.8145,0.8774,0.7886,4659472,10437197824
16 8 16 32 16 32,120,3 4 6 4 4 6,27,196 196 196 196 196 196,1176,6,696.8978882,83.97,config_11728833,-0.895575762,146.1231537,13:20,0.8397,0.9029,0.8174,8545152,14866536448
8 16 32 32 32,120,4 4 6 3 6,23,32 32 32 32 32,160,5,18.52054405,60.89,config_11728834,-0.035022445,5.669694424,25:25:00,0.6087,0.7096,0.5646,513872,4719034368
8 16 8 8 8 8,56,6 6 4 3 6 4,29,64 64 64 64 64 64,384,6,106.4417419,74.67,config_11728835,-0.061374448,13.66400242,15:16,0.7467,0.8032,0.7145,1084944,6359449600
8 32 16 16,72,6 6 6 6,24,128 128 128 128,512,4,448.6390381,78.3,config_11728836,-0.451436579,49.6057663,23:17,0.7829,0.8406,0.7534,2946576,6779764736
8 16 16 32,72,4 3 3 6,16,196 196 196 196,784,4,656.2852783,79.57,config_11728837,-0.989147007,110.6452179,11:36,0.7957,0.8591,0.7683,5523792,9710688256
8 8 8 32,56,6 3 3 4,16,32 32 32 32,128,4,19.46990967,46.9,config_11728838,-0.008087119,3.73704648,16:47,0.469,0.5972,0.4017,330256,3691429888
8 16 16 16 32,88,4 6 6 6 4,26,196 196 196 196 196,980,5,897.3970337,80.48,config_11728839,-0.895082474,124.1619034,15:52,0.8049,0.8639,0.7775,7034472,12288612352
8 8 32 8,56,3 3 3 3,12,32 32 32 32,128,4,13.18461132,49.76,config_11728840,-0.019274421,3.73739171,23:32,0.4973,0.6248,0.438,330256,3691429888
32 32 32 16,112,4 6 4 4,18,32 32 32 32,128,4,24.25294876,50.34,config_11728841,-0.024794063,5.125441074,17:34,0.5031,0.6345,0.4473,446736,3808870400
32 32 8 8 32 16,128,6 4 6 4 6 6,32,32 32 32 32 32 32,192,6,25.67502594,62.17,config_11728842,-0.067021273,6.464869022,16:29,0.6218,0.7185,0.5805,581008,5629198336
32 32 8 16 16 32 32,168,4 6 3 4 6 6 4,33,128 128 128 128 128 128 128,896,7,406.4678955,82.96,config_11728843,-3.599642277,164.5299835,14:28,0.8296,0.8857,0.806,5910672,12668567552
16 8 32 16 16 32 8,128,6 4 4 6 3 3 6,32,128 128 128 128 128 128 128,896,7,374.8458557,82.4,config_11728844,-2.678070068,128.3667755,15:32,0.824,0.8986,0.8006,5121168,11863261184
32 8 32 32,104,6 3 3 3,15,128 128 128 128,512,4,362.5187683,78.83,config_11728845,-0.428740889,58.14858246,14:57,0.7883,0.8525,0.7599,3472912,7316635648
8 32 32 8 16 32 8,136,4 6 4 4 3 6 4,31,196 196 196 196 196 196 196,1372,7,867.2820435,83.98,config_11728846,-4.598601818,263.9454346,14:05,0.8399,0.9051,0.8176,8873688,16237025280
16 16 8 32 32 32 16,152,3 4 6 3 3 4 4,27,128 128 128 128 128 128 128,896,7,297.7633057,82.72,config_11728847,-2.483371496,146.032196,11:46,0.8272,0.8816,0.8035,5647504,12400132096
16 32 32 32 8 32,152,3 6 4 4 4 4,25,32 32 32 32 32 32,192,6,21.09403038,65.85,config_11728848,-0.045193676,7.347816944,15:04,0.6584,0.7768,0.6209,630928,5679529984
32 8 32 8,80,4 4 4 4,16,32 32 32 32,128,4,19.25423241,51.19,config_11728849,-0.023141669,4.125462055,20:29,0.5119,0.6431,0.4561,380176,3741761536
32 16 8 16 16 8 32,128,6 4 4 4 6 6 4,34,32 32 32 32 32 32 32,224,7,24.00362396,64.32,config_11728850,-0.324368298,16.61998749,15:06,0.6431,0.8075,0.6051,631504,6522585088
8 16 32 8 16 32,112,4 6 4 4 3 4,25,64 64 64 64 64 64,384,6,92.47867584,78.45,config_11728851,-0.077727452,20.77635193,20:25,0.7846,0.8352,0.7554,1547280,6829211648
16 8 8 32 8,72,4 4 4 6 6,24,32 32 32 32 32,160,5,17.95577812,54.19,config_11728852,-0.014862847,4.042012215,24:10:00,0.5418,0.6604,0.4878,414032,4618371072
8 32 8 16 16 8,88,6 3 4 3 6 6,28,196 196 196 196 196 196,1176,6,817.3705444,84.64,config_11728853,-0.934669733,125.5054016,19:58,0.8464,0.9037,0.8255,7363008,13659101184
16 8 8 8,40,3 4 4 6,17,128 128 128 128,512,4,269.7432861,73.63,config_11728854,-0.347949147,35.34522247,19:14,0.7363,0.8259,0.701,2157072,5974458368
16 16 32 16,80,4 4 3 3,14,64 64 64 64,256,4,81.66591644,70.45,config_11728855,-0.104298711,15.02520561,12:15,0.7047,0.7803,0.6654,1083408,4597841920
32 32 8 32 16 16 8,144,6 3 6 6 3 6 3,33,32 32 32 32 32 32 32,224,7,24.1460228,62.76,config_11728856,-0.08586587,12.15760899,18:16,0.6278,0.7597,0.5866,664784,6556139520
8 32 8 32 16 32,128,4 4 3 4 4 3,22,32 32 32 32 32 32,192,6,18.35948563,62.03,config_11728857,-0.073912874,6.97096014,17:40,0.6203,0.717,0.5773,581008,5629198336
32 16 32 16 32 16,144,3 4 3 3 6 3,22,64 64 64 64 64 64,384,6,81.66009521,76.83,config_11728858,-0.095181763,21.92391586,19:45,0.7683,0.8355,0.7382,1811472,7097647104
32 8 8 8 32 8,96,6 3 3 3 3 6,24,64 64 64 64 64 64,384,6,94.43307495,77.59,config_11728859,-0.08500085,16.46637917,18:55,0.7762,0.8275,0.7457,1415184,6694993920
16 8 16 16 16 32 8,112,3 6 3 4 4 4 3,27,128 128 128 128 128 128 128,896,7,322.4379883,81.78,config_11728860,-2.117521286,113.4613266,13:00,0.8178,0.8835,0.7931,4858000,11594825728
8 16 8 16 32 16,96,3 3 6 3 6 3,24,32 32 32 32 32 32,192,6,14.44939613,64.16,config_11728861,-0.037009012,5.413158417,15:36,0.6414,0.7423,0.6036,514448,5562089472
32 32 32 32 32 8,168,6 3 4 4 4 4,25,196 196 196 196 196 196,1176,6,897.0437012,82.56,config_11728862,-0.888418317,141.0480804,14:15,0.8256,0.8906,0.8013,8545152,14866536448
16 16 16 8 16,72,3 4 3 4 4,18,32 32 32 32 32,160,5,15.95563889,52.79,config_11728863,-0.026464272,4.087383747,13:17,0.5277,0.6464,0.4733,414032,4618371072
16 16 32 16 8 16,104,3 3 3 6 4 6,25,196 196 196 196 196 196,1176,6,649.0614624,83.38,config_11728864,-1.064771652,143.0553131,16:56,0.8338,0.8966,0.8112,8545152,14866536448
8 16 8 8 16,56,4 6 3 3 4,20,128 128 128 128 128,640,5,344.4245605,79.75,config_11728865,-0.372378767,44.53081131,12:46,0.7975,0.8471,0.7703,2881936,7668957184
16 8 32 32 8,96,4 6 4 4 6,24,196 196 196 196 196,980,5,871.4554443,82.2,config_11728866,-0.733282566,118.3944931,25:42:00,0.822,0.8834,0.7969,6443400,11684894720
16 8 16 8 8 16 8,80,6 6 4 3 6 4 3,32,64 64 64 64 64 64 64,448,7,108.0242615,79.29,config_11728867,-0.480742157,32.50778961,12:56,0.7929,0.8752,0.7661,1382928,7542243328
8 16 16 16 16 32,104,3 4 6 3 4 6,26,64 64 64 64 64 64,384,6,72.40995789,76.46,config_11728868,-0.057587638,19.29942131,13:43,0.7645,0.8512,0.7349,1481232,6762102784
8 16 8 16 32 16,96,6 3 3 3 6 4,25,64 64 64 64 64 64,384,6,85.46962738,78.66,config_11728869,-0.075763702,18.633358,18:00,0.7867,0.8371,0.758,1415184,6694993920
32 32 32 32 8 8,144,4 6 6 6 4 4,30,196 196 196 196 196 196,1176,6,952.486145,83.01,config_11728870,-0.941905558,135.7058716,13:49,0.8301,0.8925,0.8064,7954080,14262818816
8 32 32 16 32,120,4 4 4 3 4,19,196 196 196 196 196,980,5,731.1784668,81.3,config_11728871,-0.936084807,121.4666519,11:57,0.813,0.8653,0.7869,7034472,12288612352
16 32 32 8 16 8,112,6 3 4 4 3 6,26,196 196 196 196 196 196,1176,6,894.8804321,82.05,config_11728872,-0.869415224,131.4740295,14:32,0.8205,0.8813,0.7952,7954080,14262818816
32 16 32 16 8,104,4 4 3 3 3,17,128 128 128 128 128,640,5,340.1654968,82.12,config_11728873,-0.369916111,55.81692505,10:20,0.8212,0.8756,0.7964,3934608,8742699008
8 16 8 32 32,96,3 3 3 3 4,16,128 128 128 128 128,640,5,232.988327,80.12,config_11728874,-0.388015151,52.9782486,16:57,0.8011,0.8632,0.7748,3671440,8474263552
8 8 16 32 16 8,88,4 4 4 6 6 6,30,128 128 128 128 128 128,768,6,287.3707275,81.09,config_11728875,-0.365032583,59.05455399,13:46,0.811,0.8547,0.7843,3869968,9631891456
32 32 8 8,80,4 6 4 6,20,196 196 196 196,784,4,912.4818726,74.98,config_11728876,-1.04073,91.57968903,23:22,0.7498,0.8269,0.7165,4932720,9106970624
32 32 8 8 16 16,112,6 3 6 4 6 4,29,64 64 64 64 64 64,384,6,106.5973282,77.97,config_11728877,-0.086965367,18.57289314,15:00,0.7797,0.8338,0.7497,1547280,6829211648
8 8 16 16,48,3 4 4 6,17,196 196 196 196,784,4,613.6970215,80.83,config_11728878,-0.986854076,104.2670059,10:10,0.8083,0.8548,0.7812,4932720,9106970624
8 32 32 8,80,3 4 6 6,19,196 196 196 196,784,4,687.4663696,77.95,config_11728879,-0.771080971,94.78627014,10:54,0.7795,0.8519,0.7502,4932720,9106970624
8 8 8 32 16,72,3 4 6 6 6,25,32 32 32 32 32,160,5,15.81871319,52.88,config_11728880,-0.019476969,4.132946014,14:11,0.5288,0.6597,0.475,414032,4618371072
8 16 8 8 32 8 16,96,3 6 6 3 3 4 4,29,64 64 64 64 64 64 64,448,7,84.62639618,77.77,config_11728881,-1.07984817,46.65329361,17:13,0.7777,0.848,0.7496,1515024,7676461056
8 32 16 16 32,104,3 6 3 6 4,22,128 128 128 128 128,640,5,338.3923645,80.95,config_11728882,-0.474313259,58.90677261,15:46,0.8095,0.8692,0.7835,3934608,8742699008
32 8 16 32 8 32,128,3 6 6 3 4 4,26,32 32 32 32 32 32,192,6,21.15365219,64.76,config_11728883,-0.025725827,6.862264156,15:19,0.6475,0.7468,0.6079,581008,5629198336
8 16 16 8,48,6 4 3 3,16,128 128 128 128,512,4,355.3695374,76.15,config_11728884,-0.434579313,41.20858002,16:07,0.7615,0.8314,0.73,2420240,6242893824
8 16 16 8,48,4 3 3 3,13,64 64 64 64,256,4,69.25590515,71.14,config_11728885,-0.052812658,10.42330074,15:33,0.7112,0.7933,0.6739,819216,4329406464
32 32 8 16,88,4 6 6 3,19,196 196 196 196,784,4,932.3632813,77.37,config_11728886,-1.347271919,106.5343475,19:17,0.7737,0.8516,0.7438,5523792,9710688256
8 32 8 16 8,72,6 4 3 4 4,21,64 64 64 64 64,320,5,97.87449646,74.66,config_11728887,-0.029528022,14.08549118,12:47,0.7467,0.8117,0.7148,1117200,5512200192
16 16 8 16 32 8 32,128,3 6 4 4 4 4 4,29,64 64 64 64 64 64 64,448,7,85.93990326,77.8,config_11728888,-1.134272933,55.46352768,16:10,0.778,0.8532,0.7487,1779216,7944896512
32 32 32 16 8,120,3 6 4 6 6,25,128 128 128 128 128,640,5,387.3869324,82.04,config_11728889,-0.353183717,60.48303604,9:27,0.8205,0.8702,0.7961,4197776,9011134464
16 16 8 16,56,3 4 6 4,17,32 32 32 32,128,4,16.79986572,47.31,config_11728890,-0.014770823,3.49829793,12:00,0.4729,0.5815,0.4077,330256,3691429888
8 16 32 8 32 32,128,6 3 6 3 3 4,25,128 128 128 128 128 128,768,6,350.4456482,80.96,config_11728891,-0.470455587,73.4287262,13:07,0.8096,0.8608,0.7826,4659472,10437197824
16 32 8 32 16 8 16,128,4 6 3 4 3 3 4,27,32 32 32 32 32 32 32,224,7,22.44423294,59.58,config_11728892,-0.122034982,12.64773846,20:11,0.5956,0.7461,0.5505,631504,6522585088
32 32 32 8,104,6 6 3 3,18,196 196 196 196,784,4,1073.045044,78.59,config_11728893,-0.763626158,101.1126251,11:03,0.786,0.8553,0.7566,5523792,9710688256
8 8 8 8 8 32,72,3 3 4 6 4 4,24,64 64 64 64 64 64,384,6,59.52276993,78.46,config_11728894,-0.030580208,15.60082912,16:05,0.7846,0.8518,0.7569,1217040,6493667328
32 32 16 8,88,3 3 4 6,16,196 196 196 196,784,4,656.3088379,78.09,config_11728895,-0.800869346,100.949852,16:31,0.7809,0.8455,0.7508,5523792,9710688256
8 8 8 8,32,4 6 4 4,18,128 128 128 128,512,4,332.363739,76.16,config_11728896,-0.356436312,33.67851257,11:50,0.7616,0.8255,0.7275,1893904,5706022912
32 8 32 32 32,136,4 3 6 4 6,23,64 64 64 64 64,320,5,84.67127228,77.6,config_11728897,-0.168221474,20.31741905,15:36,0.776,0.8383,0.746,1645584,6049071104
16 16 32 16,80,6 4 6 6,22,196 196 196 196,784,4,987.0985718,79.23,config_11728898,-1.188047647,119.5719604,13:16,0.7923,0.8511,0.7639,6114864,10314405888
32 32 8 8 16 32,128,6 3 4 6 4 3,26,196 196 196 196 196 196,1176,6,888.4453735,83.39,config_11728899,-1.070349455,131.4364014,24:46:00,0.8339,0.8927,0.811,7954080,14262818816
16 16 16 32 16 8,104,3 4 4 3 3 3,20,196 196 196 196 196 196,1176,6,719.6063843,82.66,config_11728900,-0.89225626,139.7289124,12:34,0.8266,0.8894,0.8025,8545152,14866536448
16 8 16 16 8,64,4 6 4 4 3,21,196 196 196 196 196,980,5,870.2047119,81.75,config_11728901,-0.733552575,118.1665878,22:07,0.8175,0.8792,0.792,6443400,11684894720
32 8 8 32 8 32 16,136,4 3 4 4 3 3 6,27,64 64 64 64 64 64 64,448,7,79.72234344,77.51,config_11728902,-0.798198521,52.23610687,14:19,0.7752,0.8509,0.7467,1845264,8012005376
16 16 16 16,64,6 4 3 4,17,196 196 196 196,784,4,945.7493286,78.87,config_11728903,-1.043240786,117.6308746,22:51,0.7887,0.8542,0.7602,6114864,10314405888
8 8 8 32,56,6 3 3 6,18,128 128 128 128,512,4,314.0477905,77.33,config_11728904,-0.425300479,43.38339996,22:52,0.7733,0.8334,0.7417,2420240,6242893824
8 32 16 16 8 32 8,120,4 3 6 3 3 3 3,25,32 32 32 32 32 32 32,224,7,17.65306664,64.94,config_11728905,-0.160903737,12.99855709,18:34,0.6496,0.785,0.6099,614864,6505807872
16 16 32 32 8 16 16,136,6 6 3 3 3 6 3,30,196 196 196 196 196 196 196,1372,7,1077.356689,84.74,config_11728906,-7.019181252,324.8972778,19:58,0.8474,0.9059,0.8262,10055832,17444460544
8 16 8 32 16 32,112,6 3 4 4 3 4,24,196 196 196 196 196 196,1176,6,818.3106079,84.22,config_11728907,-0.900617003,134.1785583,10:28,0.8423,0.9002,0.8204,7954080,14262818816
8 8 32 8 32 32 8,128,6 3 6 6 6 6 4,37,128 128 128 128 128 128 128,896,7,338.0726624,81.21,config_11728908,-2.590651989,131.3683472,11:23,0.8121,0.8858,0.7871,4858000,11594825728
8 32 32 8 16 32,128,4 3 6 6 6 3,28,32 32 32 32 32 32,192,6,18.08248329,63.27,config_11728909,-0.063944533,6.940127373,25:09:00,0.6327,0.7632,0.5915,581008,5629198336
8 16 16 16 16 8 8,88,6 6 3 3 4 6 6,34,64 64 64 64 64 64 64,448,7,105.8815002,79.74,config_11728910,-0.90563637,42.36667252,10:26,0.7976,0.8533,0.7706,1448976,7609352192
32 32 32 8 8 8,120,3 6 6 4 4 4,27,128 128 128 128 128 128,768,6,395.9022217,81.79,config_11728911,-0.284917653,62.56663895,14:35,0.8179,0.8776,0.7931,4396304,10168762368
32 16 16 8 8 32,112,4 6 3 6 3 3,25,64 64 64 64 64 64,384,6,101.5783615,78.4,config_11728912,-0.066436693,19.30649948,14:32,0.784,0.8458,0.7557,1547280,6829211648
16 8 32 16 32 16,120,6 4 4 6 6 3,29,32 32 32 32 32 32,192,6,22.74606705,62.84,config_11728913,-0.061096154,6.421788216,11:05,0.6283,0.7444,0.5859,564368,5612421120
32 8 32 32 16 16 8,144,6 3 6 4 6 3 4,32,64 64 64 64 64 64 64,448,7,101.2535095,77.93,config_11728914,-0.484085619,40.72127151,17:48,0.7793,0.8667,0.7518,1911312,8079114240
32 8 16 16 16 16 8,112,3 6 6 4 6 4 6,35,64 64 64 64 64 64 64,448,7,94.44583893,79.05,config_11728915,-0.563973725,43.59257507,17:04,0.7905,0.8685,0.7636,1647120,7810678784
8 16 32 32,88,6 6 4 3,19,32 32 32 32,128,4,25.60805702,49.85,config_11728916,-0.020477787,5.169775963,16:12,0.4984,0.6491,0.4393,396816,3758538752
16 32 8 16 8,80,6 4 6 6 4,26,196 196 196 196 196,980,5,978.2451782,80.54,config_11728917,-1.121880889,112.2490921,10:38,0.8054,0.8717,0.7782,6443400,11684894720
8 8 32 16 8,72,4 4 3 3 4,18,196 196 196 196 196,980,5,667.1699219,80.97,config_11728918,-0.855257154,109.9882507,21:13,0.8098,0.8646,0.7835,5852328,11081177088
32 8 32 8,80,4 4 3 4,15,196 196 196 196,784,4,726.3217163,77.37,config_11728919,-0.69060564,92.02056122,13:41,0.7738,0.8468,0.7437,4932720,9106970624
32 8 32 8 16 8,104,6 3 4 4 4 4,25,64 64 64 64 64 64,384,6,98.1033783,80.59,config_11728920,-0.105100043,17.2108078,21:41,0.8059,0.8574,0.7804,1481232,6762102784
32 32 32 8 16,120,3 3 4 3 3,16,196 196 196 196 196,980,5,651.8013916,80.24,config_11728921,-0.858198166,113.5855865,12:01,0.8024,0.876,0.776,7034472,12288612352
8 8 8 16 16,56,4 6 3 3 6,22,128 128 128 128 128,640,5,328.3645935,78.91,config_11728922,-0.389321029,44.42912674,25:34:00,0.7891,0.8532,0.7606,2881936,7668957184
32 8 32 8 16 16,112,4 3 6 6 6 4,29,32 32 32 32 32 32,192,6,18.4485321,65.9,config_11728923,-0.042569511,5.713591576,19:32,0.6589,0.7608,0.6185,547728,5595643904
16 8 32 32 8 8 16,120,6 4 3 4 4 6 3,30,32 32 32 32 32 32 32,224,7,22.30408478,60.43,config_11728924,-0.157606781,12.82022095,14:20,0.6043,0.7346,0.5588,614864,6505807872
32 32 16 8,88,4 3 4 6,17,196 196 196 196,784,4,729.6699829,78.1,config_11728925,-0.864178658,102.3568344,14:15,0.781,0.8484,0.7511,5523792,9710688256
8 8 8 32 16 8 16,96,6 6 4 6 3 3 6,34,128 128 128 128 128 128 128,896,7,398.7460022,81.9,config_11728926,-4.138595581,144.2819672,12:39,0.819,0.8781,0.794,4331664,11057954816
32 8 32 16 32 16 8,144,3 4 4 6 4 6 4,31,32 32 32 32 32 32 32,224,7,17.43191338,70.45,config_11728927,-0.181607589,14.2386179,14:15,0.7045,0.766,0.6661,664784,6556139520
8 16 16 32 16 32 32,152,4 4 6 3 6 4 3,30,196 196 196 196 196 196 196,1372,7,757.1264648,83.01,config_11728928,-6.399920464,323.7853394,17:56,0.8302,0.8974,0.807,10055832,17444460544
16 16 32 8 32 16 16,136,3 4 6 6 3 6 3,31,128 128 128 128 128 128 128,896,7,306.6430054,82.79,config_11728929,-3.058167696,144.9523621,22:45,0.828,0.8805,0.8042,5384336,12131696640
8 32 8 32,80,6 6 6 6,24,196 196 196 196,784,4,1046.081299,76.94,config_11728930,-1.106494427,99.42446136,16:55,0.7694,0.8428,0.7389,4932720,9106970624
16 8 8 32 16 16 16,112,4 3 6 3 3 3 4,26,32 32 32 32 32 32 32,224,7,16.72512627,60.41,config_11728931,-0.102690257,12.46665382,17:03,0.604,0.7402,0.5599,598224,6489030656
16 16 32 8,72,3 4 3 3,13,196 196 196 196,784,4,703.3352661,78.71,config_11728932,-0.726339757,99.29402924,12:44,0.7871,0.8586,0.7587,5523792,9710688256
8 8 16 8,40,4 3 3 3,13,64 64 64 64,256,4,66.27693176,72.03,config_11728933,-0.051417325,9.457445145,12:07,0.7204,0.791,0.683,753168,4262297600
8 16 16 16,56,3 6 3 3,15,32 32 32 32,128,4,18.60174179,49.85,config_11728934,-0.017737158,3.912549734,20:00,0.4987,0.5967,0.4402,330256,3691429888
32 8 16 16,72,3 4 4 3,14,64 64 64 64,256,4,78.19706726,72.95,config_11728935,-0.054956235,12.52940178,16:19,0.7295,0.8001,0.6948,1017360,4530733056
16 32 16 32,96,6 6 3 6,21,64 64 64 64,256,4,114.9534378,73.89,config_11728936,-0.127016217,17.35844994,21:37,0.7389,0.8001,0.7056,1215504,4732059648
32 8 8 8 16 8,80,3 4 4 4 6 4,25,64 64 64 64 64 64,384,6,78.07613373,77.15,config_11728937,-0.08749643,14.69719124,14:52,0.7715,0.8379,0.7419,1283088,6560776192
16 16 8 8,48,3 4 6 3,16,128 128 128 128,512,4,295.3057861,76.03,config_11728938,-0.359136552,38.83898926,12:47,0.7603,0.829,0.7288,2420240,6242893824
8 8 8 8 8 8,48,4 3 6 6 6 6,31,32 32 32 32 32 32,192,6,16.15368652,56.49,config_11728939,-0.033966169,4.049310207,14:28,0.5647,0.6675,0.5146,414608,5461426176
16 16 8 8 16 8,72,4 4 6 6 6 6,32,32 32 32 32 32 32,192,6,19.05430031,58.91,config_11728940,-0.042827673,4.531789303,12:13,0.5889,0.7145,0.5441,464528,5511757824
32 8 16 16 16,88,4 3 3 4 4,18,128 128 128 128 128,640,5,298.0921936,81.41,config_11728941,-0.327182144,52.38802719,15:00,0.8141,0.875,0.7889,3671440,8474263552
