mlp_ratio,sum_mlp_ratio,num_heads,sum_num_heads,embed_dim,sum_embed,layer_num,dss score,retrain accuracy100,resultfilename2,grasp score,snip score,training time
 16 8 16 32 16 16 16 ,120, 4 4 6 3 6 3 4 ,30, 64 64 64 64 64 64 64 ,448,7,67.87878418,90,config_11733818,-1.498886585,81.80387115,14:28
 32 16 32 32 ,112, 6 3 4 3 ,16, 32 32 32 32 ,128,4,20.85637283,90,config_11733820,-0.024187353,12.06864738,12:38
 16 32 8 16 16 16 ,104, 6 6 3 6 4 4 ,29, 128 128 128 128 128 128 ,768,6,357.7807007,93.02,config_11733821,-0.551331699,100.4550323,11:44
 32 8 8 32 ,80, 4 6 6 6 ,22, 32 32 32 32 ,128,4,22.0585022,88.41,config_11733822,0.017631218,10.96360111,11:39
 16 8 32 16 32 8 8 ,120, 6 3 3 3 6 4 3 ,28, 32 32 32 32 32 32 32 ,224,7,19.08475113,90.63,config_11733823,-0.720545352,24.11480522,13:27
 32 16 8 16 32 16 ,120, 6 3 6 4 6 3 ,28, 128 128 128 128 128 128 ,768,6,318.5284119,92.86,config_11733824,-0.56621933,102.6067123,12:50
 8 32 16 16 32 8 16 ,128, 3 3 3 3 6 6 4 ,28, 196 196 196 196 196 196 196 ,1372,7,505.4660339,92.22,config_11733825,-5.870605946,396.5964966,14:59
 8 32 8 8 ,56, 3 3 6 6 ,18, 196 196 196 196 ,784,4,529.2785034,93.17,config_11733826,-1.114226818,126.2472763,13:06
 32 8 8 32 32 16 ,128, 6 4 4 4 6 6 ,30, 128 128 128 128 128 128 ,768,6,322.4750366,93.81,config_11733827,-0.110876016,109.7780914,11:28
 16 32 8 16 ,72, 6 6 4 3 ,19, 64 64 64 64 ,256,4,91.57712555,92.7,config_11733828,0.113325424,24.98873711,12:33
 32 16 8 32 ,88, 3 4 3 4 ,14, 196 196 196 196 ,784,4,589.826416,93.81,config_11733829,-0.418334305,145.2313538,11:44
 8 8 32 8 ,56, 3 6 6 6 ,21, 32 32 32 32 ,128,4,19.04997826,88.25,config_11733830,-0.080620036,7.729634762,9:43
 8 32 8 32 ,80, 6 3 4 3 ,16, 128 128 128 128 ,512,4,285.2348022,92.54,config_11733831,-0.277249396,76.97434235,11:38
 8 32 8 8 ,56, 3 6 3 4 ,16, 64 64 64 64 ,256,4,69.95283508,92.86,config_11733832,-0.114066422,19.83581161,11:08
 32 8 32 16 ,88, 6 3 4 3 ,16, 64 64 64 64 ,256,4,77.08454132,91.75,config_11733833,-0.105387196,29.18648529,10:30
 32 16 16 16 ,80, 3 3 6 4 ,16, 32 32 32 32 ,128,4,17.18079376,89.05,config_11733834,-0.058227338,10.44036293,10:47
 32 16 8 16 ,72, 4 6 4 6 ,20, 64 64 64 64 ,256,4,83.54080963,92.38,config_11733835,0.03737478,26.43843079,11:34
 8 32 8 8 16 ,72, 6 4 3 6 4 ,23, 64 64 64 64 64 ,320,5,79.25214386,91.27,config_11733836,-0.139670327,22.60338211,10:11
 16 32 16 32 ,96, 6 4 6 4 ,20, 196 196 196 196 ,784,4,831.9928589,93.65,config_11733837,-0.929016888,158.6614838,12:40
 8 32 32 8 16 32 ,128, 3 4 6 3 6 4 ,26, 64 64 64 64 64 64 ,384,6,66.51016235,92.06,config_11733838,-0.114118293,35.42145157,14:19
 16 16 32 16 32 ,112, 4 6 6 6 3 ,25, 128 128 128 128 128 ,640,5,320.1925659,93.97,config_11733839,-0.640199661,93.44829559,11:36
 32 16 32 8 8 32 8 ,136, 6 4 3 3 3 6 4 ,29, 196 196 196 196 196 196 196 ,1372,7,797.3328857,92.86,config_11733840,-3.19161272,326.7781067,17:20
 8 16 32 32 16 32 32 ,168, 3 3 4 3 4 6 3 ,26, 196 196 196 196 196 196 196 ,1372,7,515.0828247,92.7,config_11733841,-4.335321426,379.4034729,14:07
 32 32 8 8 16 16 16 ,128, 4 3 4 3 6 6 3 ,29, 64 64 64 64 64 64 64 ,448,7,73.82279968,93.33,config_11733842,-1.890019417,81.27719879,17:03
 16 32 16 16 ,80, 3 3 3 6 ,15, 32 32 32 32 ,128,4,16.21873474,88.1,config_11733843,-0.101657122,8.923584938,11:51
 8 8 32 32 ,80, 3 4 4 6 ,17, 64 64 64 64 ,256,4,56.84781647,91.59,config_11733844,-0.184024349,28.29281998,14:18
 16 16 32 8 ,72, 3 4 4 3 ,14, 128 128 128 128 ,512,4,242.4209595,93.17,config_11733845,-0.565624475,76.91337585,11:52
 32 32 32 32 16 ,144, 3 3 4 3 3 ,16, 32 32 32 32 32 ,160,5,17.8721447,90.95,config_11733846,-0.010186527,12.78501701,13:13
 32 16 32 16 16 ,112, 6 3 6 6 6 ,27, 196 196 196 196 196 ,980,5,794.2386475,92.22,config_11733847,-0.594637513,166.8434448,15:49
 32 16 16 32 8 8 16 ,128, 6 4 3 3 3 4 4 ,27, 128 128 128 128 128 128 128 ,896,7,327.946991,92.22,config_11733848,-2.726783514,215.6173401,12:45
 32 8 16 32 8 8 ,104, 4 3 3 6 4 4 ,24, 196 196 196 196 196 196 ,1176,6,588.4639282,93.33,config_11733849,-0.610434651,173.3786163,16:16
 16 8 16 32 8 ,80, 3 4 3 6 6 ,22, 32 32 32 32 32 ,160,5,16.09064865,89.37,config_11733850,-0.052443538,9.957268715,10:48
 16 16 16 16 8 8 ,80, 6 4 4 4 4 3 ,25, 196 196 196 196 196 196 ,1176,6,812.5549316,92.38,config_11733851,-0.621270239,177.1692352,15:40
 32 16 16 8 ,72, 4 4 6 6 ,20, 64 64 64 64 ,256,4,77.31970215,92.22,config_11733852,-0.282095373,26.55758476,10:44
 32 32 16 32 8 ,120, 3 3 3 6 3 ,18, 32 32 32 32 32 ,160,5,17.56100655,90.32,config_11733853,0.013292864,11.8212595,10:15
 8 8 16 32 32 16 16 ,128, 4 6 6 6 3 4 3 ,32, 128 128 128 128 128 128 128 ,896,7,291.0101929,92.7,config_11733854,-2.100255013,195.1829529,16:29
 16 32 8 16 8 ,80, 4 3 3 6 3 ,19, 196 196 196 196 196 ,980,5,618.3637695,92.38,config_11733855,-0.419949979,148.4525604,12:15
 8 16 16 16 8 ,64, 6 3 3 6 3 ,21, 32 32 32 32 32 ,160,5,18.70676422,89.37,config_11733856,-0.123682633,8.535476685,14:25
 16 16 16 32 8 ,88, 3 6 4 3 6 ,22, 196 196 196 196 196 ,980,5,708.2843628,92.7,config_11733857,-0.517831802,168.1085358,11:30
 32 16 32 16 16 16 32 ,160, 6 3 6 6 3 3 4 ,31, 128 128 128 128 128 128 128 ,896,7,327.2580872,93.02,config_11733858,-4.10187912,240.4957886,15:32
 8 32 8 16 32 8 ,104, 4 6 4 6 6 4 ,30, 32 32 32 32 32 32 ,192,6,21.13911629,90,config_11733859,-0.124702744,11.38765907,13:03
 32 8 8 8 ,56, 3 3 4 3 ,13, 196 196 196 196 ,784,4,504.9804993,93.02,config_11733860,-0.266573131,124.8769226,12:16
 8 8 32 16 16 32 ,112, 4 6 6 3 6 3 ,28, 32 32 32 32 32 32 ,192,6,20.42797089,91.27,config_11733861,-0.141975358,12.16611481,15:49
 8 16 32 32 16 16 16 ,136, 6 6 3 3 6 3 6 ,33, 64 64 64 64 64 64 64 ,448,7,84.58885193,91.59,config_11733862,-1.614197016,82.17720032,13:38
 32 32 16 16 8 16 ,120, 4 4 4 4 4 3 ,23, 64 64 64 64 64 64 ,384,6,79.98083496,93.17,config_11733863,-0.135526463,34.63780212,15:29
 8 16 32 16 8 ,80, 3 4 4 3 4 ,18, 32 32 32 32 32 ,160,5,16.05708694,90.48,config_11733864,-0.141470015,9.28736496,10:31
 16 16 8 32 16 ,88, 4 4 3 3 4 ,18, 64 64 64 64 64 ,320,5,66.42010498,92.54,config_11733865,-0.091234431,28.41717911,14:19
 8 32 32 8 ,80, 6 4 3 6 ,19, 128 128 128 128 ,512,4,312.3000793,93.97,config_11733866,-0.473592371,76.27696991,10:20
 16 16 8 8 32 ,80, 6 4 6 6 4 ,26, 32 32 32 32 32 ,160,5,21.2677536,89.84,config_11733867,-0.082283147,8.799873352,12:51
 8 16 16 32 32 8 ,112, 6 3 3 4 4 4 ,24, 64 64 64 64 64 64 ,384,6,69.45066833,92.38,config_11733868,-0.196618617,32.87089539,11:45
 16 32 8 8 8 16 16 ,104, 3 6 6 6 6 3 3 ,33, 32 32 32 32 32 32 32 ,224,7,20.86154366,90.95,config_11733869,-0.935614645,23.86854744,12:20
 32 16 8 8 16 32 16 ,128, 3 3 4 3 3 4 3 ,23, 32 32 32 32 32 32 32 ,224,7,16.3733654,90.63,config_11733870,-1.171067715,23.36063385,15:32
 16 32 16 8 16 16 32 ,136, 4 3 4 3 3 4 6 ,27, 32 32 32 32 32 32 32 ,224,7,17.78943443,90.95,config_11733871,-1.204948902,37.99711609,13:02
 16 8 8 8 16 8 ,64, 6 3 3 3 3 6 ,24, 32 32 32 32 32 32 ,192,6,18.58761787,91.27,config_11733872,-0.09073893,9.609116554,16:38
 16 16 32 8 ,72, 6 3 3 3 ,15, 196 196 196 196 ,784,4,742.7213135,93.65,config_11733873,-1.134866714,141.3506775,13:33
 16 16 32 16 ,80, 3 3 3 4 ,13, 128 128 128 128 ,512,4,219.1284637,91.9,config_11733874,-0.658518076,83.14849854,12:25
 16 16 32 32 16 8 32 ,152, 3 3 6 6 4 3 4 ,29, 64 64 64 64 64 64 64 ,448,7,60.88851929,91.27,config_11733875,-2.778083563,94.28734589,13:43
 8 16 32 8 8 ,72, 3 4 4 4 6 ,21, 32 32 32 32 32 ,160,5,16.15039253,90.32,config_11733876,-0.103784353,7.868919849,17:02
 32 8 16 8 32 ,96, 3 3 4 4 6 ,20, 196 196 196 196 196 ,980,5,525.3114624,91.43,config_11733877,0.018600143,149.626236,14:21
 32 16 16 32 16 ,112, 3 3 4 6 4 ,20, 32 32 32 32 32 ,160,5,16.8580761,89.84,config_11733878,-0.009941586,11.48049164,13:00
 16 8 16 32 16 16 8 ,112, 4 4 4 3 3 3 4 ,25, 32 32 32 32 32 32 32 ,224,7,17.55093002,91.11,config_11733879,-0.687298834,28.77010155,17:39
 32 16 16 8 16 ,88, 4 3 3 4 4 ,18, 64 64 64 64 64 ,320,5,68.09268951,92.06,config_11733880,-0.29236117,27.12745094,15:18
 16 32 32 8 16 8 ,112, 4 3 6 4 6 4 ,27, 32 32 32 32 32 32 ,192,6,18.8072319,91.75,config_11733881,-0.119864151,10.81620216,13:12
 16 8 32 16 32 ,104, 6 3 4 6 4 ,23, 32 32 32 32 32 ,160,5,19.5909214,90.63,config_11733882,-0.19881922,10.48483372,16:07
 8 32 16 16 32 8 8 ,120, 4 6 3 3 4 4 6 ,30, 196 196 196 196 196 196 196 ,1372,7,718.2488403,93.33,config_11733883,-4.912251949,374.7154236,15:16
 8 32 16 16 16 32 8 ,128, 6 3 3 3 4 4 6 ,29, 128 128 128 128 128 128 128 ,896,7,285.8310547,93.17,config_11733884,-2.009992599,192.5285339,14:38
 32 8 8 8 ,56, 4 4 4 6 ,18, 64 64 64 64 ,256,4,71.24279785,91.11,config_11733885,-0.216613233,23.24946976,12:37
 32 8 16 32 32 ,120, 4 6 4 4 4 ,22, 128 128 128 128 128 ,640,5,307.7620239,93.65,config_11733886,-0.22973986,94.17932892,15:06
 8 8 32 8 16 ,72, 4 6 4 3 6 ,23, 128 128 128 128 128 ,640,5,279.6867981,92.22,config_11733887,-0.584916234,71.14730072,12:42
 32 16 32 16 8 16 ,120, 4 6 6 4 4 6 ,30, 32 32 32 32 32 32 ,192,6,22.70116043,91.75,config_11733888,-0.107280478,13.9458704,12:24
 16 8 32 16 8 32 8 ,120, 3 4 4 4 3 6 3 ,27, 32 32 32 32 32 32 32 ,224,7,16.41309547,91.27,config_11733889,-1.042421818,23.85205078,14:27
 8 16 8 8 32 8 16 ,96, 6 6 4 6 3 3 6 ,34, 128 128 128 128 128 128 128 ,896,7,334.772583,93.02,config_11733890,-6.671611786,219.5120239,16:50
 8 16 16 32 16 ,88, 4 3 4 4 6 ,21, 196 196 196 196 196 ,980,5,584.9639893,91.59,config_11733891,-1.196094394,160.723938,12:16
 16 32 8 32 16 ,104, 3 3 3 4 4 ,17, 196 196 196 196 196 ,980,5,544.6638184,92.22,config_11733892,-0.200951964,152.2348328,13:53
 16 16 32 8 8 16 8 ,104, 6 6 3 4 3 3 6 ,31, 32 32 32 32 32 32 32 ,224,7,23.12228775,91.59,config_11733893,-0.755564094,34.95991516,16:17
 16 8 32 32 32 ,120, 3 3 6 4 6 ,22, 32 32 32 32 32 ,160,5,16.02087402,90.63,config_11733894,-0.100721031,11.52850723,12:03
 16 16 16 8 32 32 ,120, 6 6 6 6 6 4 ,34, 196 196 196 196 196 196 ,1176,6,938.3828735,93.49,config_11733895,-1.327509165,193.0508575,14:51
 16 32 16 8 16 16 8 ,112, 3 3 3 4 3 4 6 ,26, 32 32 32 32 32 32 32 ,224,7,16.1198597,91.11,config_11733896,-1.009643793,32.90089417,16:57
 8 16 32 8 32 ,96, 4 6 3 4 3 ,20, 128 128 128 128 128 ,640,5,286.1083069,92.38,config_11733897,-0.721362948,76.66711426,12:33
 32 8 16 16 ,72, 6 4 4 4 ,18, 32 32 32 32 ,128,4,21.46771622,89.21,config_11733898,-0.102390334,10.3848877,12:57
 8 16 8 8 ,40, 6 4 3 3 ,16, 128 128 128 128 ,512,4,290.661377,93.02,config_11733899,-0.297213644,58.05888367,11:40
 16 32 16 16 16 16 ,112, 6 3 3 4 6 3 ,25, 32 32 32 32 32 32 ,192,6,20.33428001,92.7,config_11733900,-0.174219251,11.66357613,17:05
 16 32 16 8 16 16 16 ,120, 4 3 3 3 3 3 3 ,22, 196 196 196 196 196 196 196 ,1372,7,619.4760742,92.38,config_11733901,-3.849055767,378.0269775,15:04
 16 32 8 16 32 ,104, 4 3 3 3 4 ,17, 64 64 64 64 64 ,320,5,66.04747009,92.22,config_11733902,0.009037945,27.69587517,11:52
 16 16 16 16 8 ,72, 6 4 6 6 3 ,25, 128 128 128 128 128 ,640,5,330.561676,94.76,config_11733903,-0.514413774,80.0506134,15:41
 32 32 16 32 32 16 16 ,176, 3 3 3 6 6 3 3 ,27, 196 196 196 196 196 196 196 ,1372,7,565.0640869,93.49,config_11733904,-2.200006485,381.6289673,14:06
 8 16 32 32 8 ,96, 6 6 6 4 3 ,25, 32 32 32 32 32 ,160,5,23.5186348,89.52,config_11733905,-0.091228157,10.91657257,12:44
 32 16 8 32 32 16 8 ,144, 6 6 6 6 6 4 3 ,37, 64 64 64 64 64 64 64 ,448,7,97.1035614,91.27,config_11733906,0.792571425,70.29814911,15:02
 32 16 32 16 ,96, 3 4 6 4 ,17, 128 128 128 128 ,512,4,267.4440918,91.9,config_11733907,-0.588008225,88.9697113,12:44
 8 8 32 32 16 ,96, 4 6 6 3 3 ,22, 196 196 196 196 196 ,980,5,707.6115723,92.7,config_11733908,-0.649631023,153.171875,12:42
 8 32 8 8 8 ,64, 4 6 6 3 3 ,22, 64 64 64 64 64 ,320,5,80.39971161,90.63,config_11733909,0.013180659,21.98759079,13:13
 16 16 32 32 8 ,104, 6 4 3 6 3 ,22, 128 128 128 128 128 ,640,5,321.2004089,93.65,config_11733910,-0.504215598,96.5255127,16:12
 16 16 8 8 32 32 8 ,120, 6 4 6 4 6 4 6 ,36, 32 32 32 32 32 32 32 ,224,7,21.18151283,90.16,config_11733911,-0.923946559,33.55950928,17:30
 8 32 16 32 8 16 ,112, 4 4 3 3 3 4 ,21, 64 64 64 64 64 64 ,384,6,68.79011536,92.22,config_11733912,-0.163910061,33.20317459,13:21
 16 32 32 32 32 8 ,152, 4 4 6 3 4 3 ,24, 128 128 128 128 128 128 ,768,6,294.1216431,93.33,config_11733913,-0.536069453,114.7631454,12:51
 32 32 8 16 ,88, 3 4 6 3 ,16, 32 32 32 32 ,128,4,19.11738586,89.21,config_11733914,-0.054390118,11.10405827,16:06
 8 8 8 32 16 ,72, 3 3 4 6 4 ,20, 64 64 64 64 64 ,320,5,50.45091248,91.9,config_11733915,-0.156126365,25.30291367,13:21
 16 16 8 16 16 ,72, 3 6 4 6 6 ,25, 196 196 196 196 196 ,980,5,706.9729614,92.7,config_11733916,-0.025037341,157.247406,14:23
 8 16 16 32 32 32 32 ,168, 6 4 3 6 3 4 4 ,30, 64 64 64 64 64 64 64 ,448,7,75.31712341,90.79,config_11733917,-0.976290941,83.04549408,17:14
 32 8 32 32 ,104, 6 6 6 3 ,21, 32 32 32 32 ,128,4,24.94120789,90.16,config_11733918,0.001091114,12.38951874,12:22
 8 8 8 8 8 32 ,72, 6 6 3 6 3 4 ,28, 32 32 32 32 32 32 ,192,6,21.98937416,92.06,config_11733919,-0.045608114,9.913414001,13:01
 32 8 32 32 8 16 16 ,144, 6 6 4 3 6 3 4 ,32, 32 32 32 32 32 32 32 ,224,7,24.47532082,90.48,config_11733920,-0.690872073,31.86829758,14:28
 16 32 8 16 8 32 ,112, 4 3 6 4 4 4 ,25, 196 196 196 196 196 196 ,1176,6,648.3665161,92.54,config_11733921,-0.686203241,177.0537872,16:40
 8 16 32 16 32 16 8 ,128, 6 6 6 4 6 3 4 ,35, 196 196 196 196 196 196 196 ,1372,7,882.0697632,93.65,config_11733922,-3.221092224,344.3355713,17:06
 16 16 16 8 ,56, 3 4 6 3 ,16, 128 128 128 128 ,512,4,248.4671936,92.22,config_11733923,-0.468634009,70.64448547,12:36
 32 8 32 32 16 16 ,136, 4 3 3 6 4 3 ,23, 128 128 128 128 128 128 ,768,6,255.6868439,93.97,config_11733924,-0.380812615,115.4353561,20:01
 8 16 32 8 32 ,96, 3 6 3 4 4 ,20, 128 128 128 128 128 ,640,5,258.8493652,91.9,config_11733925,-0.639111876,77.86380005,13:36
 16 16 16 32 16 8 ,104, 3 3 6 3 4 3 ,22, 128 128 128 128 128 128 ,768,6,231.0967102,93.65,config_11733926,-0.004135787,101.6984024,13:36
 32 16 32 32 ,112, 4 6 6 3 ,19, 32 32 32 32 ,128,4,22.52726746,90,config_11733927,-0.003939092,12.38115025,11:35
 16 8 32 8 8 32 32 ,136, 3 6 3 6 6 6 6 ,36, 196 196 196 196 196 196 196 ,1372,7,663.2068481,92.54,config_11733928,-3.170884609,402.2978821,19:18
 16 16 16 8 16 32 16 ,120, 4 6 6 6 4 4 3 ,33, 196 196 196 196 196 196 196 ,1372,7,809.7926636,93.81,config_11733929,-3.210621595,380.2650146,15:00
 8 32 8 32 32 ,112, 6 4 4 4 3 ,21, 196 196 196 196 196 ,980,5,746.2028809,91.27,config_11733930,-0.43600738,145.9524841,12:18
 8 16 32 8 32 ,96, 3 6 4 6 6 ,25, 196 196 196 196 196 ,980,5,668.8156738,91.9,config_11733931,-1.039313197,150.4798737,13:41
 32 32 8 32 ,104, 3 4 3 4 ,14, 32 32 32 32 ,128,4,18.29711723,88.89,config_11733932,0.022858238,11.41797924,15:47
 8 32 32 16 32 32 8 ,160, 3 3 4 3 4 6 4 ,27, 128 128 128 128 128 128 128 ,896,7,219.4019165,93.33,config_11733933,-2.420479298,190.6464996,14:00
 16 16 32 16 8 16 ,104, 3 4 3 4 3 4 ,21, 196 196 196 196 196 196 ,1176,6,604.9758301,93.02,config_11733934,-0.956176877,190.541153,14:17
 32 32 32 16 32 8 32 ,184, 4 4 6 3 6 6 4 ,33, 128 128 128 128 128 128 128 ,896,7,307.0900574,92.86,config_11733935,-3.613246441,245.0211792,14:16
 16 16 32 8 ,72, 3 3 6 4 ,16, 128 128 128 128 ,512,4,232.6956482,91.75,config_11733936,-0.53452152,77.23168182,12:00
 8 8 32 8 ,56, 6 6 4 3 ,19, 128 128 128 128 ,512,4,326.5454407,94.13,config_11733937,-0.407200515,68.04993439,12:35
 16 16 8 32 ,72, 4 4 6 3 ,17, 64 64 64 64 ,256,4,69.62976837,91.75,config_11733938,-0.123116173,27.45685005,12:56
 16 32 8 8 8 8 16 ,96, 6 6 6 6 3 6 6 ,39, 32 32 32 32 32 32 32 ,224,7,24.99710083,89.68,config_11733939,-0.843533754,35.65795898,11:11
 8 16 32 8 8 32 8 ,112, 4 3 4 4 6 6 4 ,31, 128 128 128 128 128 128 128 ,896,7,236.2651367,93.49,config_11733940,-4.077122688,173.6281891,14:27
 8 16 32 8 8 32 32 ,136, 3 6 6 3 4 3 3 ,28, 196 196 196 196 196 196 196 ,1372,7,681.7042236,93.49,config_11733941,-4.556180954,362.6087036,12:04
 16 32 8 32 16 ,104, 6 3 4 6 3 ,22, 32 32 32 32 32 ,160,5,20.64192963,89.84,config_11733942,-0.099277511,10.56173992,14:10
 8 8 8 16 32 16 ,88, 6 4 4 4 6 4 ,28, 32 32 32 32 32 32 ,192,6,19.63527489,91.11,config_11733943,-0.127262294,11.04530334,10:42
 16 8 8 32 8 ,72, 3 4 6 3 3 ,19, 196 196 196 196 196 ,980,5,581.8336182,93.33,config_11733944,-0.190257579,145.1554871,13:14
 32 16 16 8 ,72, 6 6 3 4 ,19, 32 32 32 32 ,128,4,24.05152893,89.21,config_11733945,-0.044282205,9.297154427,13:14
 8 16 16 32 32 16 32 ,152, 4 6 4 4 3 3 4 ,28, 128 128 128 128 128 128 128 ,896,7,288.6947632,92.86,config_11733946,-3.164502859,219.9476166,11:10
 16 8 16 8 8 ,56, 3 4 3 3 4 ,17, 32 32 32 32 32 ,160,5,15.70219517,90.48,config_11733947,-0.071661912,7.402788639,13:15
 16 32 32 32 16 16 ,144, 3 3 6 4 4 3 ,23, 32 32 32 32 32 32 ,192,6,17.41389084,91.43,config_11733948,-0.095532045,12.90786839,13:38
 16 16 8 16 ,56, 3 3 6 6 ,18, 128 128 128 128 ,512,4,228.6193085,93.49,config_11733949,-0.399988264,70.42915344,9:47
 8 16 16 8 ,48, 6 6 3 3 ,18, 64 64 64 64 ,256,4,82.26259613,89.68,config_11733950,-0.144252747,20.86185074,12:39
 32 32 8 32 16 ,120, 3 4 6 6 4 ,23, 32 32 32 32 32 ,160,5,19.52981758,89.21,config_11733951,-0.006305326,12.34338188,13:24
 8 32 16 16 8 ,80, 3 4 3 3 4 ,17, 196 196 196 196 196 ,980,5,551.644043,92.54,config_11733952,-0.787733257,158.2571564,10:41
 32 8 16 32 8 8 ,104, 6 3 6 4 6 3 ,28, 64 64 64 64 64 64 ,384,6,79.5670166,91.11,config_11733953,-0.114940338,33.55633926,13:07
 8 16 32 8 ,64, 3 3 3 6 ,15, 64 64 64 64 ,256,4,53.08862305,90.95,config_11733954,-0.245216668,21.92533493,10:56
 32 16 8 16 16 ,88, 6 6 4 6 3 ,25, 64 64 64 64 64 ,320,5,93.89427185,93.17,config_11733955,0.01580346,26.59791374,13:13
 32 8 32 16 8 8 ,104, 4 6 6 4 3 4 ,27, 196 196 196 196 196 196 ,1176,6,757.7523193,92.86,config_11733956,-0.691228509,174.5183105,14:10
 16 16 8 16 8 ,64, 6 4 4 6 3 ,23, 128 128 128 128 128 ,640,5,317.1599426,93.97,config_11733957,-0.450407684,71.76715088,11:41
 32 16 32 8 32 32 ,152, 4 3 4 3 6 4 ,24, 196 196 196 196 196 196 ,1176,6,632.604187,92.22,config_11733958,-1.07089746,193.6795044,13:57
 32 8 8 32 ,80, 4 3 4 6 ,17, 196 196 196 196 ,784,4,583.3243408,93.17,config_11733959,-0.300389826,139.8498993,11:01
 8 32 16 32 16 8 8 ,120, 4 4 4 3 6 4 6 ,31, 32 32 32 32 32 32 32 ,224,7,18.44777298,90,config_11733960,-0.375190645,35.80734253,13:57
 16 8 32 16 16 32 ,120, 6 3 3 4 3 6 ,25, 128 128 128 128 128 128 ,768,6,286.8976746,93.33,config_11733961,-0.427681327,108.5850983,13:44
 16 32 8 16 32 16 ,120, 3 6 4 4 4 6 ,27, 64 64 64 64 64 64 ,384,6,75.15486908,92.22,config_11733962,-0.145952463,34.82711411,11:07
 8 8 8 32 16 8 ,80, 3 4 6 4 4 3 ,24, 32 32 32 32 32 32 ,192,6,16.11293602,90.95,config_11733963,-0.099927291,10.6347723,13:54
 32 32 32 8 8 8 8 ,128, 3 3 3 6 3 4 4 ,26, 128 128 128 128 128 128 128 ,896,7,245.9167328,91.9,config_11733964,-3.411669731,180.8999939,15:24
 32 8 16 16 8 16 ,96, 6 6 4 6 6 3 ,31, 196 196 196 196 196 196 ,1176,6,868.1160278,93.65,config_11733965,-0.646532655,183.295105,11:45
 8 16 16 16 16 32 ,104, 4 4 4 3 6 3 ,24, 64 64 64 64 64 64 ,384,6,64.78966522,92.06,config_11733966,-0.139688849,32.4949646,13:42
 32 32 32 32 ,128, 6 3 6 6 ,21, 64 64 64 64 ,256,4,88.76251984,92.54,config_11733967,-0.11894884,34.48670578,9:53
 16 32 32 32 ,112, 3 4 3 3 ,13, 32 32 32 32 ,128,4,17.37092972,89.05,config_11733968,-0.052155539,11.04944611,12:58
 16 32 16 16 ,80, 3 6 4 4 ,17, 128 128 128 128 ,512,4,285.3610535,93.17,config_11733969,-0.370504469,82.47595978,12:32
 8 8 32 32 8 32 8 ,128, 3 6 3 6 4 6 6 ,34, 64 64 64 64 64 64 64 ,448,7,65.23085785,90.32,config_11733970,-0.717591166,73.19034576,11:52
 32 32 16 16 8 32 8 ,144, 4 3 4 6 3 4 3 ,27, 196 196 196 196 196 196 196 ,1372,7,641.8740234,93.81,config_11733971,-2.920799494,323.8172302,16:05
 8 32 16 8 16 32 ,112, 3 4 6 4 6 6 ,29, 196 196 196 196 196 196 ,1176,6,590.6812744,92.54,config_11733972,-1.438515186,186.2537079,12:29
 16 8 8 32 16 8 16 ,104, 6 3 4 3 3 4 4 ,27, 196 196 196 196 196 196 196 ,1372,7,703.5057983,92.06,config_11733973,-1.694153666,369.0047607,14:56
 16 16 8 8 ,48, 4 3 4 3 ,14, 64 64 64 64 ,256,4,61.5214386,92.22,config_11733974,-0.214524537,20.43378258,13:03
 32 8 32 32 ,104, 3 3 3 4 ,13, 196 196 196 196 ,784,4,510.644989,93.33,config_11733975,-0.565119326,152.0579376,10:33
 16 32 16 16 ,80, 3 6 3 3 ,15, 64 64 64 64 ,256,4,73.59329987,92.38,config_11733976,0.089167871,26.4324398,12:16
 16 16 8 8 16 16 32 ,112, 4 3 3 4 6 4 3 ,27, 128 128 128 128 128 128 128 ,896,7,241.2288208,92.7,config_11733977,-2.113181591,198.1089935,13:28
 8 8 16 8 32 16 32 ,120, 4 4 4 6 3 3 4 ,28, 128 128 128 128 128 128 128 ,896,7,245.2786713,91.9,config_11733978,-4.355811596,212.67836,11:50
 8 32 32 16 32 16 16 ,152, 4 4 4 6 4 3 4 ,29, 128 128 128 128 128 128 128 ,896,7,271.4733582,92.7,config_11733979,-2.317045689,209.367691,15:18
 16 8 16 8 ,48, 6 3 4 4 ,17, 64 64 64 64 ,256,4,69.91294861,90.79,config_11733980,-0.23352845,21.53349304,10:34
 32 16 16 16 ,80, 6 4 6 6 ,22, 64 64 64 64 ,256,4,87.66381073,91.43,config_11733981,-0.073439792,28.21247101,10:00
 32 16 16 8 16 32 32 ,152, 3 3 4 4 4 3 4 ,25, 32 32 32 32 32 32 32 ,224,7,16.63142586,90.79,config_11733982,-1.333450794,31.53164482,13:59
 16 8 16 8 ,48, 6 4 3 3 ,16, 64 64 64 64 ,256,4,73.65910339,91.9,config_11733983,-0.238013029,21.73259163,11:15
 8 8 8 8 16 32 ,80, 3 3 3 6 6 3 ,24, 32 32 32 32 32 32 ,192,6,14.17057323,91.9,config_11733984,-0.112554386,9.360163689,14:47
 8 8 32 32 16 8 32 ,136, 3 3 3 4 4 4 3 ,24, 196 196 196 196 196 196 196 ,1372,7,467.1376038,92.06,config_11733985,-5.325917244,364.0076904,14:05
 16 8 32 16 8 ,80, 6 4 6 4 4 ,24, 196 196 196 196 196 ,980,5,790.2574463,92.22,config_11733986,-0.358496428,157.7641907,12:00
 32 32 8 16 8 ,96, 6 3 4 3 6 ,22, 64 64 64 64 64 ,320,5,83.8765564,93.49,config_11733987,0.051290482,27.27572632,14:02
 16 8 32 32 16 ,104, 3 4 6 6 3 ,22, 32 32 32 32 32 ,160,5,17.22527885,90,config_11733988,-0.092932761,11.22783852,11:22
 8 32 16 16 8 16 32 ,128, 4 3 4 4 4 3 6 ,28, 128 128 128 128 128 128 128 ,896,7,243.4294281,92.06,config_11733989,-3.250020027,228.8389435,14:20
 16 8 16 16 16 ,72, 3 4 6 3 6 ,22, 196 196 196 196 196 ,980,5,596.5525513,91.11,config_11733990,-0.414679408,164.4867401,15:26
 8 16 8 16 16 16 8 ,88, 3 4 4 4 6 4 6 ,31, 64 64 64 64 64 64 64 ,448,7,57.77175903,90.16,config_11733991,-1.287678957,72.61055756,12:02
 8 16 32 32 ,88, 6 3 3 3 ,15, 128 128 128 128 ,512,4,277.7626343,93.02,config_11733992,-0.492484629,88.36742401,13:00
 16 32 8 16 ,72, 4 6 3 4 ,17, 196 196 196 196 ,784,4,753.555603,93.17,config_11733993,-0.527071953,145.9076538,12:41
 8 16 8 16 32 ,80, 6 3 6 4 3 ,22, 196 196 196 196 196 ,980,5,719.2667236,92.06,config_11733994,-0.542291045,145.2597656,10:56
 32 32 32 16 32 ,144, 6 3 6 4 3 ,22, 64 64 64 64 64 ,320,5,88.18674469,92.22,config_11733995,-0.071798444,34.23861313,12:58
 32 16 32 32 8 8 8 ,136, 3 3 3 4 6 6 3 ,28, 32 32 32 32 32 32 32 ,224,7,16.68234825,89.84,config_11733996,-0.595561802,27.63539505,15:49
 32 32 16 32 16 16 32 ,176, 3 3 4 6 4 6 4 ,30, 196 196 196 196 196 196 196 ,1372,7,575.2886353,93.33,config_11733997,-2.310457706,399.6960449,12:48
 32 16 16 8 8 8 8 ,96, 3 4 4 6 6 3 4 ,30, 32 32 32 32 32 32 32 ,224,7,17.94045258,89.21,config_11733998,-1.029352665,31.27231979,14:19
 16 8 8 16 ,48, 6 6 4 6 ,22, 64 64 64 64 ,256,4,84.19111633,92.54,config_11733999,0.00739266,22.59945679,11:32
 32 8 32 32 ,104, 4 4 4 6 ,18, 32 32 32 32 ,128,4,19.18700027,90,config_11734000,0.000875767,11.77663136,12:29
 32 32 16 8 ,88, 3 4 6 4 ,17, 128 128 128 128 ,512,4,273.0917053,91.75,config_11734001,-0.307815522,76.61785126,12:24
 32 8 8 32 ,80, 3 6 6 4 ,19, 64 64 64 64 ,256,4,75.64811707,91.9,config_11734002,-0.136014819,29.42347908,10:13
 16 8 32 16 16 8 16 ,112, 4 6 6 4 3 6 4 ,33, 32 32 32 32 32 32 32 ,224,7,21.08232498,91.27,config_11734003,-1.312016249,32.26571274,15:35
 8 16 32 32 ,88, 6 4 3 6 ,19, 196 196 196 196 ,784,4,750.7446289,92.86,config_11734004,-0.965967655,151.9307556,13:42
 16 16 32 8 8 16 32 ,128, 6 3 3 3 3 6 4 ,28, 64 64 64 64 64 64 64 ,448,7,73.08428955,92.38,config_11734005,-2.537212133,97.4526825,11:43
 32 16 16 16 ,80, 3 4 4 4 ,15, 64 64 64 64 ,256,4,67.40827179,92.06,config_11734006,-0.027851619,28.71845245,12:07
 16 32 32 8 ,88, 3 4 3 6 ,16, 128 128 128 128 ,512,4,252.5140686,93.97,config_11734007,-0.663430452,80.84335327,10:53
 8 16 8 32 32 16 ,112, 3 4 6 3 6 3 ,25, 64 64 64 64 64 64 ,384,6,60.22832489,91.59,config_11734008,-0.224838108,34.34534836,13:43
 8 32 8 16 8 32 32 ,136, 3 3 6 6 3 4 3 ,28, 196 196 196 196 196 196 196 ,1372,7,535.8186646,93.97,config_11734009,-4.754767418,352.5337219,17:11
 8 16 32 16 32 8 ,112, 3 4 4 3 4 6 ,24, 32 32 32 32 32 32 ,192,6,16.12014771,90.79,config_11734010,-0.156855047,11.57939339,11:45
 32 16 16 32 ,96, 4 3 3 6 ,16, 32 32 32 32 ,128,4,17.86923981,89.37,config_11734011,0.005336121,10.72158527,12:25
 8 8 32 16 8 32 ,104, 6 4 4 3 4 6 ,27, 196 196 196 196 196 196 ,1176,6,714.4544067,93.49,config_11734012,-0.723035693,178.6158447,11:43
 8 32 16 16 ,72, 3 4 3 6 ,16, 196 196 196 196 ,784,4,558.1362305,92.86,config_11734013,-0.944561362,152.7289581,13:12
 8 8 8 32 16 8 ,80, 6 4 4 6 6 4 ,30, 32 32 32 32 32 32 ,192,6,19.83585358,89.84,config_11734014,-0.074128665,10.94770813,13:35
 32 32 8 16 32 ,120, 3 4 4 4 6 ,21, 64 64 64 64 64 ,320,5,72.62529755,94.44,config_11734015,-0.017654764,30.84551811,11:10
 16 32 16 16 32 8 ,120, 4 4 3 6 3 3 ,23, 196 196 196 196 196 196 ,1176,6,681.0525513,93.17,config_11734016,-1.00146997,183.6937714,14:42
 8 8 8 16 8 8 8 ,64, 4 3 4 6 4 3 6 ,30, 64 64 64 64 64 64 64 ,448,7,56.93210602,92.06,config_11734017,-1.372380853,70.70269775,14:44
 16 16 16 16 16 32 8 ,120, 3 6 6 4 3 3 3 ,28, 64 64 64 64 64 64 64 ,448,7,72.74485779,91.43,config_11734018,-0.343980551,64.5888443,12:07
 8 8 32 16 32 8 ,104, 3 3 6 4 6 3 ,25, 64 64 64 64 64 64 ,384,6,54.07499313,90.16,config_11734019,-0.258132845,31.30200958,15:32
 32 32 8 32 8 ,112, 6 4 6 6 3 ,25, 196 196 196 196 196 ,980,5,829.3409424,92.54,config_11734020,-0.444632709,150.1468658,13:29
 8 16 8 16 32 ,80, 4 3 4 6 6 ,23, 196 196 196 196 196 ,980,5,580.2857056,91.43,config_11734021,-0.59385246,146.2104645,11:45
 8 8 32 8 ,56, 3 3 6 3 ,15, 196 196 196 196 ,784,4,491.3120422,92.86,config_11734022,-0.947284579,128.3823242,12:36
 32 16 16 16 32 16 16 ,144, 6 3 3 6 3 6 3 ,30, 32 32 32 32 32 32 32 ,224,7,20.63594818,91.43,config_11734023,-1.019528508,27.62361336,13:45
 32 8 32 16 ,88, 3 4 6 6 ,19, 64 64 64 64 ,256,4,68.73979187,91.43,config_11734024,-0.132420897,30.7883873,12:02
 8 32 8 16 32 16 ,112, 4 4 6 6 6 4 ,30, 64 64 64 64 64 64 ,384,6,72.81095123,91.75,config_11734025,-0.191212267,32.48442459,14:30
 16 32 8 32 ,88, 4 4 4 4 ,16, 196 196 196 196 ,784,4,669.7252197,93.81,config_11734026,-0.74432075,145.355484,11:50
 16 16 32 16 16 ,96, 6 6 4 4 6 ,26, 196 196 196 196 196 ,980,5,908.902832,92.06,config_11734027,-0.489719659,168.5463257,13:16
 32 32 8 8 16 8 ,104, 4 6 3 6 3 6 ,28, 196 196 196 196 196 196 ,1176,6,762.5213013,93.33,config_11734028,-0.930941105,166.6568451,13:02
 16 16 16 16 32 32 ,128, 3 6 3 4 4 6 ,26, 32 32 32 32 32 32 ,192,6,18.8295784,92.54,config_11734029,-0.146330297,12.67491245,14:44
 8 32 8 16 ,64, 3 3 3 6 ,15, 64 64 64 64 ,256,4,56.38391495,93.02,config_11734030,-0.077552915,22.10401917,12:16
 32 16 8 32 32 8 ,128, 3 6 3 4 3 4 ,23, 196 196 196 196 196 196 ,1176,6,688.3461304,92.06,config_11734031,-0.532791853,172.5180206,12:02
 16 8 32 16 8 32 ,112, 3 3 3 6 6 4 ,25, 128 128 128 128 128 128 ,768,6,213.8081207,93.02,config_11734032,-0.520681143,104.0232086,13:27
 16 8 16 8 8 ,56, 4 6 3 6 6 ,25, 196 196 196 196 196 ,980,5,728.3195801,92.22,config_11734033,-0.576213717,145.340332,14:07
 8 8 16 32 8 ,72, 6 6 6 3 6 ,27, 32 32 32 32 32 ,160,5,22.94272232,88.41,config_11734034,-0.043749914,9.923859596,11:42
 16 16 32 32 32 8 32 ,168, 3 4 3 4 6 6 4 ,30, 196 196 196 196 196 196 196 ,1372,7,608.3751831,92.86,config_11734035,-5.104387283,399.269928,15:07
 32 16 16 32 8 16 8 ,128, 3 6 4 6 6 4 6 ,35, 196 196 196 196 196 196 196 ,1372,7,719.6610107,93.33,config_11734036,-4.185846806,370.4988403,15:20
 32 8 32 16 8 32 32 ,160, 3 6 3 3 6 4 4 ,29, 32 32 32 32 32 32 32 ,224,7,19.89255142,92.7,config_11734037,-1.458292007,34.55382156,11:30
 16 16 8 32 16 32 32 ,152, 3 3 3 6 3 3 3 ,24, 196 196 196 196 196 196 196 ,1372,7,551.6580811,93.02,config_11734038,-2.738445759,363.1472473,14:26
 16 8 16 32 8 8 32 ,120, 4 6 6 6 3 3 3 ,31, 196 196 196 196 196 196 196 ,1372,7,764.329895,93.02,config_11734039,-5.428822041,362.1706543,14:24
 8 32 16 8 ,64, 6 6 6 4 ,22, 196 196 196 196 ,784,4,873.1204224,93.81,config_11734040,-1.339027882,137.12146,11:25
 32 8 32 16 32 8 32 ,160, 3 6 3 6 3 3 6 ,30, 196 196 196 196 196 196 196 ,1372,7,662.6635742,92.22,config_11734041,-4.90875721,414.717041,14:27
 16 16 8 16 32 8 ,96, 6 3 6 3 3 6 ,27, 128 128 128 128 128 128 ,768,6,302.2979431,92.54,config_11734042,-0.319355309,90.13324738,12:45
 8 32 8 8 16 ,72, 3 6 4 3 4 ,20, 32 32 32 32 32 ,160,5,19.3047123,90,config_11734043,-0.056937277,7.80037117,13:29
 16 8 16 16 ,56, 4 6 4 4 ,18, 32 32 32 32 ,128,4,20.09585762,87.94,config_11734044,-0.111840867,8.652402878,11:46
 16 16 16 16 ,64, 6 4 6 4 ,20, 32 32 32 32 ,128,4,21.17573547,88.25,config_11734045,-0.155828059,9.064804077,10:38
 8 32 16 32 16 ,104, 3 3 3 3 3 ,15, 196 196 196 196 196 ,980,5,501.3209229,91.43,config_11734046,-0.995632887,160.9361725,14:06
 32 8 32 16 ,88, 6 4 4 6 ,20, 196 196 196 196 ,784,4,769.4318237,92.86,config_11734047,-0.366666138,153.2153778,11:57
 32 16 32 32 32 16 32 ,192, 4 3 6 3 6 4 4 ,30, 128 128 128 128 128 128 128 ,896,7,276.5803528,93.02,config_11734048,-2.98114419,245.186676,14:01
 8 32 8 16 ,64, 3 4 4 6 ,17, 64 64 64 64 ,256,4,62.70510101,92.86,config_11734049,-0.109424487,22.72934341,13:49
 32 32 8 8 ,80, 6 4 3 4 ,17, 64 64 64 64 ,256,4,87.97470093,92.06,config_11734050,-0.154493332,24.47354698,10:57
 16 16 16 16 8 32 ,104, 3 6 6 4 6 6 ,31, 128 128 128 128 128 128 ,768,6,287.210144,93.02,config_11734051,-0.739118576,103.7469559,13:08
 8 32 16 32 32 ,120, 3 4 6 4 6 ,23, 196 196 196 196 196 ,980,5,591.3325195,91.59,config_11734052,-0.605513513,164.885437,16:22
 8 32 16 32 32 ,120, 6 3 6 4 4 ,23, 128 128 128 128 128 ,640,5,301.8589172,93.81,config_11734053,-0.219695926,93.64503479,12:08
 32 32 8 32 16 16 8 ,144, 4 4 4 3 3 4 3 ,25, 128 128 128 128 128 128 128 ,896,7,289.8973694,93.02,config_11734054,-0.824883819,172.7144165,13:43
 8 32 16 32 32 8 16 ,144, 3 3 4 6 3 6 6 ,31, 32 32 32 32 32 32 32 ,224,7,16.12252617,90,config_11734055,-0.580086827,34.57572174,15:40
 16 8 32 8 32 16 32 ,144, 3 6 3 6 4 3 4 ,29, 196 196 196 196 196 196 196 ,1372,7,661.4090576,92.06,config_11734056,-3.959988832,379.6351624,14:34
 32 8 16 16 16 32 ,120, 3 3 3 3 6 3 ,21, 196 196 196 196 196 196 ,1176,6,514.0462036,93.81,config_11734057,-1.118364811,193.5134735,13:54
 16 32 16 32 ,96, 4 4 4 6 ,18, 196 196 196 196 ,784,4,687.7479858,93.02,config_11734058,-1.012206793,159.2171783,12:17
 8 8 16 8 ,40, 4 6 6 6 ,22, 196 196 196 196 ,784,4,712.0545654,91.9,config_11734059,-0.978566051,129.1514893,16:00
 32 16 16 16 8 32 ,120, 3 6 3 6 3 6 ,27, 32 32 32 32 32 32 ,192,6,20.1974659,91.9,config_11734060,-0.134313494,13.1266489,13:15
 32 32 8 32 8 8 ,120, 3 3 6 4 3 6 ,25, 196 196 196 196 196 196 ,1176,6,579.4332275,93.17,config_11734061,-0.65829891,170.4946899,13:44
 32 32 32 8 16 ,120, 4 3 3 6 3 ,19, 64 64 64 64 64 ,320,5,74.92042542,92.06,config_11734062,-0.305433095,31.13419533,14:41
 8 16 16 16 8 ,64, 6 6 4 3 3 ,22, 64 64 64 64 64 ,320,5,83.77864075,90.63,config_11734063,0.022990599,24.23723793,12:13
 8 8 32 8 16 32 32 ,136, 4 6 3 6 4 3 6 ,32, 128 128 128 128 128 128 128 ,896,7,279.3102112,92.86,config_11734064,-6.201507092,235.4356384,12:52
 8 8 8 32 32 ,88, 6 3 4 3 3 ,19, 196 196 196 196 196 ,980,5,650.3374023,92.7,config_11734065,-0.406023026,137.2275696,13:10
 32 16 8 32 ,88, 3 4 4 6 ,17, 196 196 196 196 ,784,4,607.0706787,93.81,config_11734066,-0.471962959,147.1583099,15:51
 32 32 32 16 32 ,144, 6 3 3 4 4 ,20, 128 128 128 128 128 ,640,5,320.3096008,93.97,config_11734067,-0.730207562,99.52203369,11:44
 32 32 16 8 16 32 ,136, 4 3 3 4 3 6 ,23, 32 32 32 32 32 32 ,192,6,18.79970932,90.95,config_11734068,-0.137604713,12.23112869,13:01
 32 16 8 16 16 ,88, 6 6 3 3 6 ,24, 32 32 32 32 32 ,160,5,23.98248291,91.9,config_11734069,-0.123912878,11.17603588,13:39
 16 16 16 32 8 16 ,104, 4 6 6 4 6 3 ,29, 64 64 64 64 64 64 ,384,6,80.22763062,90.95,config_11734070,-0.118132576,34.27826691,12:59
 16 32 16 32 ,96, 6 4 3 4 ,17, 64 64 64 64 ,256,4,82.62605286,91.9,config_11734071,-0.096370026,30.56667709,12:13
 8 8 32 16 8 32 32 ,136, 4 6 6 3 3 3 3 ,28, 64 64 64 64 64 64 64 ,448,7,74.20513153,92.06,config_11734072,-1.30385828,79.66734314,15:58
 32 16 16 8 ,72, 6 3 6 3 ,18, 64 64 64 64 ,256,4,81.1605835,91.75,config_11734073,-0.231875584,25.75525665,10:10
 8 8 8 32 8 32 8 ,104, 6 6 6 6 6 4 6 ,40, 196 196 196 196 196 196 196 ,1372,7,832.4285889,92.86,config_11734074,-1.82552886,339.408844,14:51
 32 16 32 32 32 8 ,152, 4 4 3 6 6 3 ,26, 64 64 64 64 64 64 ,384,6,76.1372757,91.9,config_11734075,-0.191117048,39.42268372,11:23
 8 32 32 8 8 8 8 ,104, 4 4 3 6 4 6 4 ,31, 196 196 196 196 196 196 196 ,1372,7,628.9907837,92.54,config_11734076,-3.87766695,325.8338928,15:51
 32 32 32 32 16 32 ,176, 3 6 3 4 4 6 ,26, 32 32 32 32 32 32 ,192,6,21.45530128,91.75,config_11734077,-0.004999749,15.40032196,13:33
 8 16 8 8 16 ,56, 4 3 6 6 4 ,23, 64 64 64 64 64 ,320,5,62.0646553,90.16,config_11734078,-0.157518297,21.31390762,11:08
 32 16 16 32 ,96, 6 3 4 3 ,16, 64 64 64 64 ,256,4,79.18283081,92.7,config_11734079,-0.013435718,30.08845901,13:11
 32 32 16 32 32 32 ,176, 4 4 3 3 4 3 ,21, 128 128 128 128 128 128 ,768,6,289.3724976,93.17,config_11734080,-0.641635776,122.5918655,11:54
 32 8 32 16 16 ,104, 3 6 3 6 4 ,22, 128 128 128 128 128 ,640,5,280.700531,93.81,config_11734081,-0.201331615,90.28371429,12:45
 8 8 8 16 32 ,72, 4 3 3 4 4 ,18, 32 32 32 32 32 ,160,5,15.40529251,90.63,config_11734082,-0.121133924,8.723097801,13:36
 32 8 8 16 8 32 ,104, 3 3 6 6 6 3 ,27, 196 196 196 196 196 196 ,1176,6,547.1013794,93.02,config_11734083,-0.584990025,173.2159882,12:25
 32 32 16 32 32 16 ,160, 3 3 6 3 6 6 ,27, 64 64 64 64 64 64 ,384,6,70.45007324,91.9,config_11734084,-0.216231555,40.71607208,13:05
 32 32 8 8 8 8 32 ,128, 6 6 3 6 3 6 6 ,36, 64 64 64 64 64 64 64 ,448,7,98.10198975,92.38,config_11734085,-3.40024519,109.9143219,15:03
 8 16 8 16 ,48, 6 4 6 4 ,20, 196 196 196 196 ,784,4,766.5980225,92.06,config_11734086,-0.804736197,138.7460175,10:37
 32 8 8 16 ,64, 3 4 4 4 ,15, 196 196 196 196 ,784,4,558.524231,92.38,config_11734087,-0.296040714,140.4246368,12:46
 8 16 32 8 8 8 32 ,112, 6 3 3 6 3 4 4 ,29, 32 32 32 32 32 32 32 ,224,7,18.94357681,90.95,config_11734088,-1.067717195,34.62710571,13:18
 16 32 32 32 8 32 ,152, 4 6 6 6 6 4 ,32, 64 64 64 64 64 64 ,384,6,87.31239319,91.43,config_11734089,0.060594916,40.9705925,15:31
 8 16 32 32 16 8 ,112, 6 4 4 3 4 3 ,24, 196 196 196 196 196 196 ,1176,6,756.0472412,92.86,config_11734090,-0.770510972,177.5301819,13:49
 16 32 16 8 ,72, 6 4 6 6 ,22, 196 196 196 196 ,784,4,836.4246826,93.65,config_11734091,-1.216335058,146.6916656,11:19
 32 32 32 32 8 8 8 ,152, 4 3 4 6 4 3 4 ,28, 196 196 196 196 196 196 196 ,1372,7,642.2941284,93.02,config_11734092,-3.912106037,345.8517456,13:31
 32 16 8 32 16 16 ,120, 3 6 3 3 4 4 ,23, 32 32 32 32 32 32 ,192,6,19.84243011,91.27,config_11734093,-0.024098484,13.08318901,13:29
 16 16 16 32 ,80, 6 3 4 4 ,17, 64 64 64 64 ,256,4,73.31613159,91.27,config_11734094,-0.101540059,28.75748062,10:50
 8 16 32 16 ,72, 4 3 6 4 ,17, 196 196 196 196 ,784,4,603.0718994,93.49,config_11734095,-1.450206399,151.2083282,13:07
 16 16 32 8 8 32 16 ,128, 3 3 3 6 6 4 6 ,31, 196 196 196 196 196 196 196 ,1372,7,562.7858887,92.86,config_11734096,-3.791777611,416.2179565,16:09
 16 32 32 8 16 ,104, 3 6 4 6 3 ,22, 128 128 128 128 128 ,640,5,292.1229858,92.7,config_11734097,-0.692691565,88.5062561,11:41
 32 8 32 32 32 16 ,152, 3 3 3 3 4 4 ,20, 196 196 196 196 196 196 ,1176,6,512.7589111,93.81,config_11734098,-1.100486994,193.8589478,13:46
 8 16 32 32 16 ,104, 4 6 3 4 4 ,21, 32 32 32 32 32 ,160,5,19.88599014,91.43,config_11734099,-0.060192931,10.63602638,13:49
 8 8 16 32 ,64, 3 4 6 3 ,16, 128 128 128 128 ,512,4,222.9568481,93.17,config_11734100,-0.149651885,75.92272186,10:49
 8 32 32 16 ,88, 6 3 3 3 ,15, 64 64 64 64 ,256,4,74.39321899,91.27,config_11734101,-0.007302172,26.60263252,11:56
 8 8 16 16 32 8 16 ,104, 6 6 3 6 4 3 3 ,31, 32 32 32 32 32 32 32 ,224,7,22.2201004,90.79,config_11734102,-0.98664552,24.87901497,12:41
 8 32 16 8 16 32 ,112, 4 3 4 6 6 6 ,29, 128 128 128 128 128 128 ,768,6,246.095993,92.86,config_11734103,-0.910922527,97.79003906,15:03
 16 32 8 32 16 ,104, 6 3 4 4 6 ,23, 128 128 128 128 128 ,640,5,304.803894,93.97,config_11734104,-0.036676526,86.28416443,12:36
 32 32 16 32 32 16 16 ,176, 4 3 3 3 4 4 6 ,27, 32 32 32 32 32 32 32 ,224,7,18.83244133,90.95,config_11734105,-0.382021934,35.8617897,12:08
 16 32 32 16 32 8 ,136, 3 3 4 6 6 3 ,25, 64 64 64 64 64 64 ,384,6,63.25935364,92.7,config_11734106,-0.128132507,36.03160095,15:21
 32 32 16 32 8 8 16 ,144, 4 4 4 4 3 3 6 ,28, 64 64 64 64 64 64 64 ,448,7,80.26431274,91.43,config_11734107,-1.100425959,90.78263855,13:46
 16 8 32 8 ,64, 6 6 6 6 ,24, 196 196 196 196 ,784,4,884.3093872,93.02,config_11734108,-0.632471681,141.5626526,10:41
 8 8 16 8 32 16 ,88, 6 6 4 6 3 3 ,28, 128 128 128 128 128 128 ,768,6,328.5522461,93.33,config_11734109,-0.695621073,93.19229889,15:46
 16 32 32 32 16 8 8 ,144, 3 4 4 6 4 4 6 ,31, 64 64 64 64 64 64 64 ,448,7,68.60232544,92.06,config_11734110,-0.564274609,86.03631592,12:51
 16 16 32 8 32 16 ,120, 6 4 6 4 3 4 ,27, 196 196 196 196 196 196 ,1176,6,834.2328491,93.33,config_11734111,-1.454039812,189.8879852,13:51
 32 32 32 32 16 16 32 ,192, 4 4 4 6 6 3 4 ,31, 32 32 32 32 32 32 32 ,224,7,20.81557655,91.43,config_11734112,-0.729327142,34.38903427,11:46
 16 16 16 8 32 8 16 ,112, 3 4 3 6 4 3 3 ,26, 196 196 196 196 196 196 196 ,1372,7,610.5252686,91.75,config_11734113,-4.95761776,372.5240173,14:29
 8 8 32 8 ,56, 3 6 3 3 ,15, 196 196 196 196 ,784,4,600.1088257,91.43,config_11734114,-0.794947863,126.4107285,12:49
 8 16 16 16 16 32 8 ,112, 3 4 3 3 6 3 4 ,26, 128 128 128 128 128 128 128 ,896,7,221.2924805,92.54,config_11734115,-2.888700962,171.9240875,12:47
 16 16 8 32 16 16 ,104, 4 3 3 6 6 4 ,26, 64 64 64 64 64 64 ,384,6,62.47493744,91.27,config_11734116,-0.142581463,32.36410141,16:08
 32 16 32 8 16 8 16 ,128, 3 3 3 4 3 4 4 ,24, 32 32 32 32 32 32 32 ,224,7,16.52406502,91.75,config_11734117,-1.479657412,32.28096008,14:11
 8 32 8 8 ,56, 6 3 4 6 ,19, 32 32 32 32 ,128,4,19.86612511,87.14,config_11734118,-0.065493733,7.471908569,11:44
 8 32 32 8 8 ,88, 3 6 3 6 6 ,24, 32 32 32 32 32 ,160,5,19.66993141,90.95,config_11734119,-0.074087083,8.546802521,12:47
 8 16 16 8 8 ,56, 4 6 4 6 6 ,26, 64 64 64 64 64 ,320,5,74.54445648,90.32,config_11734120,-0.154467687,22.15414429,14:55
 8 16 32 16 ,72, 6 3 3 6 ,18, 32 32 32 32 ,128,4,18.88352203,87.78,config_11734121,-0.159802586,8.952435493,12:08
 8 32 16 16 32 ,104, 4 6 6 6 6 ,28, 196 196 196 196 196 ,980,5,762.9694824,92.06,config_11734122,-0.797862768,162.7770386,13:03
 8 32 32 8 8 32 ,120, 4 4 6 4 4 6 ,28, 128 128 128 128 128 128 ,768,6,277.6738281,92.54,config_11734123,-0.703144908,97.75942993,14:20
 8 8 8 16 ,40, 6 6 6 3 ,21, 64 64 64 64 ,256,4,82.3107605,90.16,config_11734124,0.027440064,20.6017437,11:17
 8 16 32 16 32 ,104, 3 4 4 3 3 ,17, 64 64 64 64 64 ,320,5,58.90190125,91.43,config_11734125,-0.065096632,28.91585922,12:27
 32 16 8 32 8 32 ,128, 4 3 6 4 4 3 ,24, 32 32 32 32 32 32 ,192,6,18.62910271,90.79,config_11734126,-0.055707157,12.98755169,11:55
 16 16 8 16 16 ,72, 6 4 3 6 4 ,23, 64 64 64 64 64 ,320,5,77.58840942,91.43,config_11734127,0.006229493,24.56453514,15:10
 8 16 32 16 8 16 8 ,104, 6 4 6 3 4 6 4 ,33, 32 32 32 32 32 32 32 ,224,7,20.8521843,89.84,config_11734128,-0.531360745,29.97481728,13:44
 8 32 32 8 16 16 ,112, 6 6 3 3 4 3 ,25, 32 32 32 32 32 32 ,192,6,23.58568764,91.9,config_11734129,-0.10733147,10.59779072,12:34
 16 32 32 8 16 8 8 ,120, 6 3 4 3 4 3 6 ,29, 64 64 64 64 64 64 64 ,448,7,79.27838898,91.9,config_11734130,-2.02403307,84.86340332,16:26
 32 32 8 16 ,88, 6 6 4 6 ,22, 128 128 128 128 ,512,4,372.1748657,93.33,config_11734131,-0.591133237,79.71713257,11:54
 16 8 8 16 16 8 ,72, 4 3 6 6 6 6 ,31, 196 196 196 196 196 196 ,1176,6,614.4310303,92.06,config_11734132,-0.416911036,171.7976837,14:41
 32 8 32 32 ,104, 4 4 4 3 ,15, 64 64 64 64 ,256,4,72.5478363,91.9,config_11734133,-0.208850279,33.89295197,18:32
 16 16 32 32 32 32 8 ,168, 4 3 6 3 6 3 4 ,29, 64 64 64 64 64 64 64 ,448,7,67.05412292,91.27,config_11734134,-0.601143658,77.12744141,14:02
 8 16 8 16 ,48, 4 6 6 4 ,20, 128 128 128 128 ,512,4,291.8970642,93.81,config_11734135,-0.331929624,63.28368759,13:24
 16 16 8 16 32 16 16 ,120, 4 6 4 4 6 6 3 ,33, 196 196 196 196 196 196 196 ,1372,7,771.5535889,92.7,config_11734136,-2.415764809,364.0666809,14:14
 16 16 32 32 16 ,112, 6 3 3 4 6 ,22, 32 32 32 32 32 ,160,5,19.51268005,90,config_11734137,-0.096184045,10.98036098,17:02
 32 8 8 16 32 16 ,112, 6 4 6 4 6 4 ,30, 196 196 196 196 196 196 ,1176,6,781.2545166,93.17,config_11734138,-0.657425165,179.5315552,15:25
 32 8 32 16 8 ,96, 4 4 3 3 3 ,17, 64 64 64 64 64 ,320,5,71.33247375,92.22,config_11734139,-0.086861238,30.93894196,13:07
 32 8 16 16 16 32 8 ,128, 4 4 4 4 6 6 6 ,34, 64 64 64 64 64 64 64 ,448,7,72.10131073,91.43,config_11734140,-0.534182906,78.915802,18:51
 16 32 16 16 ,80, 6 6 6 3 ,21, 128 128 128 128 ,512,4,369.1277161,93.65,config_11734141,-0.623609245,85.08349609,14:59
 32 8 8 8 16 ,72, 3 3 3 4 4 ,17, 32 32 32 32 32 ,160,5,15.74800491,90.95,config_11734142,-0.086542904,8.725357056,12:26
 8 32 16 32 ,88, 3 6 4 3 ,16, 128 128 128 128 ,512,4,268.824646,93.81,config_11734143,-0.194715038,82.68782043,12:01
 8 16 16 8 16 8 ,72, 3 6 6 3 4 6 ,28, 128 128 128 128 128 128 ,768,6,267.9348145,92.86,config_11734144,-0.56238234,81.69821167,19:35
 8 8 32 16 16 16 ,96, 6 3 3 4 4 4 ,24, 196 196 196 196 196 196 ,1176,6,656.5803833,92.7,config_11734145,-0.774201632,186.0314636,13:58
 16 8 16 8 16 32 8 ,104, 4 3 3 4 4 4 4 ,26, 196 196 196 196 196 196 196 ,1372,7,580.7019043,92.06,config_11734146,-4.678440571,329.447998,16:57
 8 8 16 8 32 16 ,88, 3 4 3 3 6 6 ,25, 196 196 196 196 196 196 ,1176,6,512.8707886,92.22,config_11734147,-1.382419586,175.1156616,14:00
 8 8 32 16 8 16 ,88, 4 6 6 3 3 4 ,26, 128 128 128 128 128 128 ,768,6,289.5455322,93.81,config_11734148,-0.534724474,91.95079803,18:36
 16 16 8 8 32 32 ,112, 4 6 3 3 6 3 ,25, 196 196 196 196 196 196 ,1176,6,754.5800171,93.02,config_11734149,-1.203808546,179.469162,13:57
 8 32 32 16 32 ,120, 3 3 4 6 3 ,19, 196 196 196 196 196 ,980,5,522.4110107,92.86,config_11734150,-1.015505552,162.4490204,13:20
 16 32 8 32 8 8 8 ,112, 3 6 3 4 6 3 4 ,29, 32 32 32 32 32 32 32 ,224,7,19.82631874,90,config_11734151,-0.737971663,30.30616951,20:09
 8 32 16 16 ,72, 3 6 4 6 ,19, 128 128 128 128 ,512,4,271.880188,93.17,config_11734152,-0.47753644,75.59434509,14:26
 32 8 32 16 16 8 ,112, 3 6 3 3 6 6 ,27, 128 128 128 128 128 128 ,768,6,278.0472412,93.17,config_11734153,-0.254138857,103.9912643,13:45
 32 8 16 32 16 16 16 ,136, 3 3 4 3 4 3 3 ,23, 32 32 32 32 32 32 32 ,224,7,16.2454567,89.68,config_11734154,-0.978900194,26.45763588,16:28
 16 16 8 16 8 ,64, 3 4 3 3 3 ,16, 128 128 128 128 128 ,640,5,232.6299133,93.17,config_11734155,-0.445041537,71.33355713,13:31
 16 32 32 16 32 32 16 ,176, 4 3 6 6 6 3 4 ,32, 64 64 64 64 64 64 64 ,448,7,72.67726898,92.06,config_11734156,-1.31048286,84.30224609,19:35
 16 16 8 8 ,48, 3 4 6 6 ,19, 196 196 196 196 ,784,4,628.4852905,93.17,config_11734157,-0.710214794,135.2115784,13:08
 16 32 16 8 16 16 8 ,112, 6 6 6 3 6 4 3 ,34, 32 32 32 32 32 32 32 ,224,7,24.94184685,90.48,config_11734158,-0.684612989,23.96441269,14:12
 32 8 8 8 ,56, 3 4 4 6 ,17, 64 64 64 64 ,256,4,64.33214569,91.27,config_11734159,-0.229318112,23.47300339,16:00
 32 8 8 32 ,80, 3 4 4 6 ,17, 128 128 128 128 ,512,4,244.1579437,93.65,config_11734160,-0.129640326,83.15840149,11:53
 8 16 32 8 32 32 8 ,136, 6 3 4 6 3 4 3 ,29, 64 64 64 64 64 64 64 ,448,7,71.92191315,92.06,config_11734161,-0.59853816,63.62667847,15:34
 32 32 8 16 ,88, 4 4 4 4 ,16, 196 196 196 196 ,784,4,669.7252197,93.17,config_11734162,-0.744320631,145.355484,16:39
 16 16 32 16 16 32 16 ,144, 4 6 4 4 4 6 3 ,31, 64 64 64 64 64 64 64 ,448,7,78.68075562,92.38,config_11734163,-0.846499085,75.98171997,13:30
 16 16 16 32 32 32 8 ,152, 3 4 3 3 6 3 3 ,25, 128 128 128 128 128 128 128 ,896,7,238.9227448,93.49,config_11734164,-1.626317501,176.2661896,15:38
 32 8 32 16 8 ,96, 4 3 4 3 3 ,17, 32 32 32 32 32 ,160,5,17.81622696,89.84,config_11734165,-0.120315805,11.35855675,12:21
 32 32 8 32 ,104, 6 3 6 3 ,18, 64 64 64 64 ,256,4,86.12651062,93.17,config_11734166,0.055721663,28.97216797,16:31
 32 16 16 8 8 ,80, 4 4 3 4 6 ,21, 64 64 64 64 64 ,320,5,73.59255219,92.22,config_11734167,-0.271824062,27.16324997,13:12
 32 32 16 32 16 ,128, 3 3 4 3 6 ,19, 64 64 64 64 64 ,320,5,67.71636963,92.7,config_11734168,-0.119642608,33.98016739,12:40
 8 32 16 16 32 ,104, 4 3 4 6 4 ,21, 32 32 32 32 32 ,160,5,17.47295761,90.32,config_11734169,-0.140500009,9.645776749,17:14
 16 8 8 8 ,40, 4 4 3 4 ,15, 196 196 196 196 ,784,4,612.3953857,93.02,config_11734170,-0.548288047,125.5516281,12:07
 16 8 16 32 ,72, 4 4 3 4 ,15, 32 32 32 32 ,128,4,17.22112465,88.41,config_11734171,-0.031604253,9.400178909,11:46
 16 8 8 32 16 16 ,96, 3 6 6 3 3 6 ,27, 128 128 128 128 128 128 ,768,6,272.1574707,92.22,config_11734172,-0.177819207,104.9099426,17:24
 32 8 16 16 16 16 8 ,112, 4 3 4 3 3 4 4 ,25, 128 128 128 128 128 128 128 ,896,7,251.4125214,92.38,config_11734173,-2.088458061,178.9805908,18:57
 16 16 8 32 16 ,88, 3 4 3 4 3 ,17, 64 64 64 64 64 ,320,5,59.72490692,92.38,config_11734174,-0.104475319,28.62559128,12:47
 16 32 16 32 ,96, 6 3 4 4 ,17, 64 64 64 64 ,256,4,78.36714172,93.02,config_11734175,-0.082187496,30.25916672,11:19
 32 8 8 8 8 8 ,72, 3 4 6 6 3 3 ,25, 196 196 196 196 196 196 ,1176,6,590.1707764,92.22,config_11734176,-0.74796617,152.5186615,16:45
 16 16 32 16 16 32 ,128, 6 3 4 4 4 3 ,24, 196 196 196 196 196 196 ,1176,6,763.4239502,93.33,config_11734177,-0.851885319,196.7874298,18:46
 32 32 32 16 ,112, 6 4 3 6 ,19, 128 128 128 128 ,512,4,342.5995483,92.54,config_11734178,-0.952876985,92.05030823,12:12
 8 8 32 32 16 8 ,104, 3 4 6 4 3 4 ,24, 128 128 128 128 128 128 ,768,6,230.1779022,93.65,config_11734179,-0.133455873,99.37120056,15:40
 16 8 32 8 8 ,72, 4 4 3 3 6 ,20, 64 64 64 64 64 ,320,5,64.87794495,90.16,config_11734180,-0.197891742,25.27643967,12:15
 8 16 32 16 ,72, 6 6 6 3 ,21, 64 64 64 64 ,256,4,87.05023193,91.9,config_11734181,-0.015963003,26.04825783,16:31
 32 32 32 8 16 ,120, 4 3 6 3 4 ,20, 32 32 32 32 32 ,160,5,19.89708138,91.43,config_11734182,-0.123706192,10.76686478,12:41
 32 8 32 8 ,80, 3 4 6 3 ,16, 128 128 128 128 ,512,4,256.0050354,92.22,config_11734183,-0.197254002,79.85112,11:45
 8 16 32 8 ,64, 6 4 6 4 ,20, 64 64 64 64 ,256,4,78.39277649,91.9,config_11734184,-0.228467971,23.91415596,16:15
 8 32 16 16 8 16 ,96, 4 4 3 4 6 3 ,24, 128 128 128 128 128 128 ,768,6,260.8719177,93.17,config_11734185,-0.576436043,90.47911072,14:34
 32 8 32 32 ,104, 4 3 4 3 ,14, 196 196 196 196 ,784,4,585.241272,92.86,config_11734186,-0.605248332,150.8373413,12:50
 16 8 8 32 32 16 32 ,144, 3 6 3 6 3 3 3 ,27, 196 196 196 196 196 196 196 ,1372,7,650.5693359,92.22,config_11734187,-2.977775574,350.9153748,19:19
 32 8 32 8 32 32 8 ,152, 3 3 4 4 4 3 4 ,25, 32 32 32 32 32 32 32 ,224,7,16.5071888,91.9,config_11734188,-1.100100875,28.00355911,14:16
 32 16 32 8 32 16 ,136, 6 3 6 3 4 4 ,26, 32 32 32 32 32 32 ,192,6,21.54037666,91.27,config_11734189,-0.149243981,12.97729969,15:41
 16 16 32 8 32 ,104, 3 3 3 3 3 ,15, 128 128 128 128 128 ,640,5,218.5063782,94.29,config_11734190,-0.594821453,84.9498291,12:51
 16 32 16 8 8 32 ,112, 6 4 4 3 4 3 ,24, 196 196 196 196 196 196 ,1176,6,807.5884399,93.02,config_11734191,-0.932382584,178.3857422,18:35
 16 8 16 16 8 ,64, 6 6 4 6 6 ,28, 128 128 128 128 128 ,640,5,345.4878235,92.54,config_11734192,-0.618897498,78.04755402,13:55
 32 32 32 8 ,104, 3 6 4 4 ,17, 64 64 64 64 ,256,4,82.74787903,92.38,config_11734193,-0.097167477,30.27746773,12:04
 32 8 8 8 ,56, 4 3 4 3 ,14, 64 64 64 64 ,256,4,64.96977997,91.43,config_11734194,-0.209552854,22.64494705,11:53
 32 16 16 8 16 ,88, 3 3 6 3 6 ,21, 196 196 196 196 196 ,980,5,586.6102295,92.54,config_11734195,-0.370376319,157.8089905,17:05
 16 8 8 32 16 8 ,88, 4 6 3 6 4 4 ,27, 128 128 128 128 128 128 ,768,6,289.450531,91.27,config_11734196,-0.347418576,95.69615173,12:45
 8 16 32 8 16 16 ,96, 3 4 3 3 3 3 ,19, 196 196 196 196 196 196 ,1176,6,549.9732666,92.86,config_11734197,-1.34060967,180.7721252,12:54
 32 16 32 8 ,88, 4 4 3 6 ,17, 32 32 32 32 ,128,4,19.13282776,91.11,config_11734198,-0.122537427,9.715007782,15:42
 32 8 16 32 8 32 16 ,144, 6 3 3 6 4 6 6 ,34, 128 128 128 128 128 128 128 ,896,7,301.5240479,92.22,config_11734199,-2.465821266,225.5120392,13:55
 8 8 16 32 32 ,96, 4 3 4 4 3 ,18, 64 64 64 64 64 ,320,5,57.10370255,91.9,config_11734200,-0.142732441,28.10121536,12:54
 16 8 16 16 ,56, 4 4 3 3 ,14, 196 196 196 196 ,784,4,623.3283691,93.65,config_11734201,-0.780303419,151.1353607,12:36
 32 8 8 16 16 16 ,96, 4 6 4 4 3 4 ,25, 32 32 32 32 32 32 ,192,6,21.30230522,92.54,config_11734202,-0.12132556,12.49330807,16:40
 32 8 16 32 8 8 8 ,112, 4 3 4 6 3 4 6 ,30, 128 128 128 128 128 128 128 ,896,7,255.8234863,92.06,config_11734203,-1.799263,192.6575775,15:03
 32 8 16 32 ,88, 4 6 4 3 ,17, 64 64 64 64 ,256,4,80.36347198,93.02,config_11734204,-0.086768761,31.35852242,12:07
 32 32 8 8 32 ,112, 6 3 4 4 4 ,21, 64 64 64 64 64 ,320,5,84.01924133,92.38,config_11734205,-0.068987608,27.57479286,15:55
 8 32 32 8 16 8 32 ,136, 3 4 3 3 6 4 6 ,29, 64 64 64 64 64 64 64 ,448,7,62.94994736,92.06,config_11734206,-4.694808483,103.7321014,18:24
 32 32 32 8 ,104, 6 6 4 6 ,22, 196 196 196 196 ,784,4,907.9998779,93.81,config_11734207,-1.172079325,146.6446381,12:23
 16 32 8 8 8 32 ,104, 4 4 6 6 4 3 ,27, 128 128 128 128 128 128 ,768,6,288.9298096,93.02,config_11734208,-0.675282717,95.43470764,15:10
 32 32 32 8 16 8 ,128, 3 6 3 4 6 4 ,26, 128 128 128 128 128 128 ,768,6,297.8833313,92.22,config_11734209,-0.460892618,101.5383301,16:38
 16 8 16 32 16 32 ,120, 3 4 6 4 4 6 ,27, 196 196 196 196 196 196 ,1176,6,599.9487305,94.13,config_11734210,-1.181154966,197.0302734,13:29
 8 16 32 32 32 ,120, 4 4 6 3 6 ,23, 32 32 32 32 32 ,160,5,18.22067642,92.06,config_11734211,-0.106401384,11.22109413,13:26
 8 16 8 8 8 8 ,56, 6 6 4 3 6 4 ,29, 64 64 64 64 64 64 ,384,6,83.46311188,91.75,config_11734212,-0.116788812,24.85169601,13:09
 8 32 16 16 ,72, 6 6 6 6 ,24, 128 128 128 128 ,512,4,357.1897583,93.65,config_11734213,-0.628170967,80.05680084,15:22
 8 16 16 32 ,72, 4 3 3 6 ,16, 196 196 196 196 ,784,4,575.2269287,93.49,config_11734214,-1.4312433,149.0061493,13:31
 8 8 8 32 ,56, 6 3 3 4 ,16, 32 32 32 32 ,128,4,18.04297638,88.57,config_11734215,-0.055869803,8.507908821,12:16
 8 16 16 16 32 ,88, 4 6 6 6 4 ,26, 196 196 196 196 196 ,980,5,761.4649658,91.75,config_11734216,-0.835699201,162.3335266,16:21
 8 8 32 8 ,56, 3 3 3 3 ,12, 32 32 32 32 ,128,4,14.12817478,87.78,config_11734217,-0.065686226,7.033432484,14:01
 32 32 32 16 ,112, 4 6 4 4 ,18, 32 32 32 32 ,128,4,23.066782,90.32,config_11734218,-0.085761279,11.99475384,11:42
 32 32 8 8 32 16 ,128, 6 4 6 4 6 6 ,32, 32 32 32 32 32 32 ,192,6,23.53870964,90.79,config_11734219,-0.085875124,13.25312996,18:25
 32 32 8 16 16 32 32 ,168, 4 6 3 4 6 6 4 ,33, 128 128 128 128 128 128 128 ,896,7,319.9092407,93.17,config_11734220,-4.446241379,224.2364655,13:56
 16 8 32 16 16 32 8 ,128, 6 4 4 6 3 3 6 ,32, 128 128 128 128 128 128 128 ,896,7,315.4845276,93.97,config_11734221,-0.773669958,194.0764771,15:52
 32 8 32 32 ,104, 6 3 3 3 ,15, 128 128 128 128 ,512,4,299.3088989,92.06,config_11734222,-0.388968468,93.60256195,12:24
 8 32 32 8 16 32 8 ,136, 4 6 4 4 3 6 4 ,31, 196 196 196 196 196 196 196 ,1372,7,729.6661987,92.38,config_11734223,-5.228805542,328.6448669,18:39
 16 16 8 32 32 32 16 ,152, 3 4 6 3 3 4 4 ,27, 128 128 128 128 128 128 128 ,896,7,248.8163757,92.86,config_11734224,-1.302484512,202.68367,16:30
 16 32 32 32 8 32 ,152, 3 6 4 4 4 4 ,25, 32 32 32 32 32 32 ,192,6,20.50760841,91.75,config_11734225,-0.083287403,13.51772308,13:08
 32 8 32 8 ,80, 4 4 4 4 ,16, 32 32 32 32 ,128,4,18.92293167,91.75,config_11734226,-0.105859354,9.576210976,12:32
 32 16 8 16 16 8 32 ,128, 6 4 4 4 6 6 4 ,34, 32 32 32 32 32 32 32 ,224,7,21.82942581,90.32,config_11734227,-1.046462178,39.72839355,17:40
 8 16 32 8 16 32 ,112, 4 6 4 4 3 4 ,25, 64 64 64 64 64 64 ,384,6,75.06574249,91.75,config_11734228,-0.062624425,32.61876297,12:59
 16 8 8 32 8 ,72, 4 4 4 6 6 ,24, 32 32 32 32 32 ,160,5,17.69052505,87.46,config_11734229,-0.057433806,9.581598282,14:19
 8 32 8 16 16 8 ,88, 6 3 4 3 6 6 ,28, 196 196 196 196 196 196 ,1176,6,696.0123291,92.06,config_11734230,-0.719037056,164.1638336,18:10
 16 8 8 8 ,40, 3 4 4 6 ,17, 128 128 128 128 ,512,4,228.4594879,91.9,config_11734231,-0.433226943,62.39257431,11:50
 16 16 32 16 ,80, 4 4 3 3 ,14, 64 64 64 64 ,256,4,67.48314667,91.43,config_11734232,-0.083999924,27.29201889,13:39
 32 32 8 32 16 16 8 ,144, 6 3 6 6 3 6 3 ,33, 32 32 32 32 32 32 32 ,224,7,22.57356644,89.21,config_11734233,-0.509757638,27.89597321,13:34
 8 32 8 32 16 32 ,128, 4 4 3 4 4 3 ,22, 32 32 32 32 32 32 ,192,6,18.01627159,92.06,config_11734234,-0.114259064,12.03864765,17:52
 32 16 32 16 32 16 ,144, 3 4 3 3 6 3 ,22, 64 64 64 64 64 64 ,384,6,67.90561676,91.59,config_11734235,-0.19567138,37.86643982,15:22
 32 8 8 8 32 8 ,96, 6 3 3 3 3 6 ,24, 64 64 64 64 64 64 ,384,6,74.58631897,92.22,config_11734236,-0.148340598,29.04240227,12:43
 16 8 16 16 16 32 8 ,112, 3 6 3 4 4 4 3 ,27, 128 128 128 128 128 128 128 ,896,7,262.2859802,92.54,config_11734237,-1.571634293,166.3239441,19:27
 8 16 8 16 32 16 ,96, 3 3 6 3 6 3 ,24, 32 32 32 32 32 32 ,192,6,15.29318428,90.79,config_11734238,-0.164346337,10.86354923,13:58
 32 32 32 32 32 8 ,168, 6 3 4 4 4 4 ,25, 196 196 196 196 196 196 ,1176,6,763.4275513,92.86,config_11734239,-0.556018114,181.5194702,13:43
 16 16 16 8 16 ,72, 3 4 3 4 4 ,18, 32 32 32 32 32 ,160,5,16.16552353,90.63,config_11734240,-0.101995334,7.823022366,13:37
 16 16 32 16 8 16 ,104, 3 3 3 6 4 6 ,25, 196 196 196 196 196 196 ,1176,6,563.4797974,93.49,config_11734241,-0.809694946,193.7496643,13:22
 8 16 8 8 16 ,56, 4 6 3 3 4 ,20, 128 128 128 128 128 ,640,5,277.3289795,92.22,config_11734242,-0.503566027,60.24128723,16:00
 16 8 32 32 8 ,96, 4 6 4 4 6 ,24, 196 196 196 196 196 ,980,5,734.9177856,91.75,config_11734243,-0.467030823,158.7757721,12:52
 16 8 16 8 8 16 8 ,80, 6 6 4 3 6 4 3 ,32, 64 64 64 64 64 64 64 ,448,7,84.35180664,93.65,config_11734244,-1.37326014,64.22050476,15:12
 8 16 16 16 16 32 ,104, 3 4 6 3 4 6 ,26, 64 64 64 64 64 64 ,384,6,60.29055786,92.38,config_11734245,-0.072767511,34.18651581,17:35
 8 16 8 16 32 16 ,96, 6 3 3 3 6 4 ,25, 64 64 64 64 64 64 ,384,6,68.42558289,91.27,config_11734246,-0.20248881,29.51044846,13:14
 32 32 32 32 8 8 ,144, 4 6 6 6 4 4 ,30, 196 196 196 196 196 196 ,1176,6,810.9054565,93.65,config_11734247,-0.857425094,181.4154663,13:27
 8 32 32 16 32 ,120, 4 4 4 3 4 ,19, 196 196 196 196 196 ,980,5,630.7600098,93.33,config_11734248,-0.967339516,160.4670868,16:27
 16 32 32 8 16 8 ,112, 6 3 4 4 3 6 ,26, 196 196 196 196 196 196 ,1176,6,761.0407715,92.7,config_11734249,-0.698743343,174.3166199,13:23
 32 16 32 16 8 ,104, 4 4 3 3 3 ,17, 128 128 128 128 128 ,640,5,281.0390015,93.81,config_11734250,-0.655686915,88.9243927,14:46
 8 16 8 32 32 ,96, 3 3 3 3 4 ,16, 128 128 128 128 128 ,640,5,196.6500702,93.33,config_11734251,-0.324790239,79.62610626,12:46
 8 8 16 32 16 8 ,88, 4 4 4 6 6 6 ,30, 128 128 128 128 128 128 ,768,6,247.6618652,93.02,config_11734252,-0.333792567,92.42053223,17:18
 32 32 8 8 ,80, 4 6 4 6 ,20, 196 196 196 196 ,784,4,768.585144,92.54,config_11734253,-1.052998424,136.3221283,14:13
 32 32 8 8 16 16 ,112, 6 3 6 4 6 4 ,29, 64 64 64 64 64 64 ,384,6,86.65498352,92.22,config_11734254,-0.040737115,31.09799194,13:12
 8 8 16 16 ,48, 3 4 4 6 ,17, 196 196 196 196 ,784,4,529.0876465,92.54,config_11734255,-0.789426446,145.4537354,16:11
 8 32 32 8 ,80, 3 4 6 6 ,19, 196 196 196 196 ,784,4,590.1271362,93.49,config_11734256,-1.018735528,139.4969025,13:18
 8 8 8 32 16 ,72, 3 4 6 6 6 ,25, 32 32 32 32 32 ,160,5,16.30250168,89.21,config_11734257,-0.078566879,9.570450783,11:58
 8 16 8 8 32 8 16 ,96, 3 6 6 3 3 4 4 ,29, 64 64 64 64 64 64 64 ,448,7,68.58067322,90.95,config_11734258,-2.415023804,81.78437805,14:05
 8 32 16 16 32 ,104, 3 6 3 6 4 ,22, 128 128 128 128 128 ,640,5,269.4559021,93.49,config_11734259,-0.449286938,83.87160492,16:16
 32 8 16 32 8 32 ,128, 3 6 6 3 4 4 ,26, 32 32 32 32 32 32 ,192,6,20.60850143,89.37,config_11734260,-0.010590557,13.65264893,13:02
 8 16 16 8 ,48, 6 4 3 3 ,16, 128 128 128 128 ,512,4,294.2107239,93.49,config_11734261,-0.338884056,64.01314545,12:59
 8 16 16 8 ,48, 4 3 3 3 ,13, 64 64 64 64 ,256,4,57.6533699,90,config_11734262,-0.17970255,20.12303925,16:40
 32 32 8 16 ,88, 4 6 6 3 ,19, 196 196 196 196 ,784,4,784.821106,93.33,config_11734263,-0.4789671,147.8541565,12:36
 8 32 8 16 8 ,72, 6 4 3 4 4 ,21, 64 64 64 64 64 ,320,5,78.72106934,91.11,config_11734264,-0.005153114,23.47494125,11:57
 16 16 8 16 32 8 32 ,128, 3 6 4 4 4 4 4 ,29, 64 64 64 64 64 64 64 ,448,7,69.95095825,93.33,config_11734265,-2.789787054,91.06434631,14:05
 32 32 32 16 8 ,120, 3 6 4 6 6 ,25, 128 128 128 128 128 ,640,5,304.6832886,93.33,config_11734266,-0.659762263,95.34854126,16:21
 16 16 8 16 ,56, 3 4 6 4 ,17, 32 32 32 32 ,128,4,16.91988182,88.57,config_11734267,-0.109890923,8.673617363,11:28
 8 16 32 8 32 32 ,128, 6 3 6 3 3 4 ,25, 128 128 128 128 128 128 ,768,6,292.5196533,92.06,config_11734268,-0.879626632,106.5352478,13:07
 16 32 8 32 16 8 16 ,128, 4 6 3 4 3 3 4 ,27, 32 32 32 32 32 32 32 ,224,7,21.22387695,90,config_11734269,-0.900898814,30.61754799,14:01
 32 32 32 8 ,104, 6 6 3 3 ,18, 196 196 196 196 ,784,4,887.8362427,93.33,config_11734270,-1.161429048,144.2198486,16:38
 8 8 8 8 8 32 ,72, 3 3 4 6 4 4 ,24, 64 64 64 64 64 64 ,384,6,50.08860397,91.59,config_11734271,-0.393004566,27.19601059,13:28
 32 32 16 8 ,88, 3 3 4 6 ,16, 196 196 196 196 ,784,4,567.118103,94.13,config_11734272,-0.737520099,145.9315796,12:11
 8 8 8 8 ,32, 4 6 4 4 ,18, 128 128 128 128 ,512,4,271.2727661,93.17,config_11734273,-0.228177249,52.65049744,15:23
 32 8 32 32 32 ,136, 4 3 6 4 6 ,23, 64 64 64 64 64 ,320,5,70.70998383,91.27,config_11734274,-0.272320867,36.18430328,12:43
 16 16 32 16 ,80, 6 4 6 6 ,22, 196 196 196 196 ,784,4,838.4280396,93.65,config_11734275,-0.856589854,159.5769806,13:12
 32 32 8 8 16 32 ,128, 6 3 4 6 4 3 ,26, 196 196 196 196 196 196 ,1176,6,756.4431763,93.97,config_11734276,-1.234604836,178.0999603,15:57
 16 16 16 32 16 8 ,104, 3 4 4 3 3 3 ,20, 196 196 196 196 196 196 ,1176,6,612.557373,93.17,config_11734277,-0.867016435,184.6960602,13:24
 16 8 16 16 8 ,64, 4 6 4 4 3 ,21, 196 196 196 196 196 ,980,5,732.5544434,92.06,config_11734278,-0.482752085,158.2947998,12:52
 32 8 8 32 8 32 16 ,136, 4 3 4 4 3 3 6 ,27, 64 64 64 64 64 64 64 ,448,7,66.21311951,91.9,config_11734279,-0.49369812,82.34486389,13:42
 16 16 16 16 ,64, 6 4 3 4 ,17, 196 196 196 196 ,784,4,798.0319214,93.49,config_11734280,-0.84116888,156.817749,14:29
 8 8 8 32 ,56, 6 3 3 6 ,18, 128 128 128 128 ,512,4,264.3149109,92.54,config_11734281,-0.175231844,73.1128006,13:23
 8 32 16 16 8 32 8 ,120, 4 3 6 3 3 3 3 ,25, 32 32 32 32 32 32 32 ,224,7,17.83678055,90.48,config_11734282,-0.850708485,23.1765995,13:29
 16 16 32 32 8 16 16 ,136, 6 6 3 3 3 6 3 ,30, 196 196 196 196 196 196 196 ,1372,7,894.3725586,92.38,config_11734283,-1.020731449,368.1664429,20:03
 8 16 8 32 16 32 ,112, 6 3 4 4 3 4 ,24, 196 196 196 196 196 196 ,1176,6,696.7437134,91.59,config_11734284,-1.012947083,180.5601654,15:26
 8 8 32 8 32 32 8 ,128, 6 3 6 6 6 6 4 ,37, 128 128 128 128 128 128 128 ,896,7,288.111084,93.17,config_11734285,-3.438883781,182.2674255,13:19
 8 32 32 8 16 32 ,128, 4 3 6 6 6 3 ,28, 32 32 32 32 32 32 ,192,6,18.36696434,91.43,config_11734286,-0.161693603,10.95227623,16:12
 8 16 16 16 16 8 8 ,88, 6 6 3 3 4 6 6 ,34, 64 64 64 64 64 64 64 ,448,7,82.97149658,91.75,config_11734287,-1.122630477,72.09470367,19:19
 32 32 32 8 8 8 ,120, 3 6 6 4 4 4 ,27, 128 128 128 128 128 128 ,768,6,311.0916443,92.7,config_11734288,-0.372593939,99.08905029,12:38
 32 16 16 8 8 32 ,112, 4 6 3 6 3 3 ,25, 64 64 64 64 64 64 ,384,6,83.20139313,91.59,config_11734289,-0.034397684,33.0594902,14:23
 16 8 32 16 32 16 ,120, 6 4 4 6 6 3 ,29, 32 32 32 32 32 32 ,192,6,20.80186653,91.27,config_11734290,-0.21134387,12.42089653,13:29
 32 8 32 32 16 16 8 ,144, 6 3 6 4 6 3 4 ,32, 64 64 64 64 64 64 64 ,448,7,80.85166168,91.59,config_11734291,-0.02965796,75.01203156,17:52
 32 8 16 16 16 16 8 ,112, 3 6 6 4 6 4 6 ,35, 64 64 64 64 64 64 64 ,448,7,76.5868988,90.48,config_11734292,-0.999552727,81.75894165,14:21
 8 16 32 32 ,88, 6 6 4 3 ,19, 32 32 32 32 ,128,4,22.74070549,89.21,config_11734293,-0.045946196,10.41653252,11:31
 16 32 8 16 8 ,80, 6 4 6 6 4 ,26, 196 196 196 196 196 ,980,5,830.1584473,92.38,config_11734294,-0.440665901,150.357605,17:54
 8 8 32 16 8 ,72, 4 4 3 3 4 ,18, 196 196 196 196 196 ,980,5,577.8815918,92.54,config_11734295,-1.009417415,146.3891449,12:36
 32 8 32 8 ,80, 4 4 3 4 ,15, 196 196 196 196 ,784,4,624.359314,93.97,config_11734296,-0.619609118,137.4502563,13:02
 32 8 32 8 16 8 ,104, 6 3 4 4 4 4 ,25, 64 64 64 64 64 64 ,384,6,77.77703857,91.27,config_11734297,-0.192427009,31.43031311,17:25
 32 32 32 8 16 ,120, 3 3 4 3 3 ,16, 196 196 196 196 196 ,980,5,560.513916,91.9,config_11734298,-0.328524172,156.1434784,12:48
 8 8 8 16 16 ,56, 4 6 3 3 6 ,22, 128 128 128 128 128 ,640,5,268.4147339,92.86,config_11734299,-0.265957922,65.0872879,13:27
 32 8 32 8 16 16 ,112, 4 3 6 6 6 4 ,29, 32 32 32 32 32 32 ,192,6,18.78423309,91.11,config_11734300,-0.163988978,11.82627869,13:12
 16 8 32 32 8 8 16 ,120, 6 4 3 4 4 6 3 ,30, 32 32 32 32 32 32 32 ,224,7,20.31985092,89.37,config_11734301,-0.811255217,25.80968285,14:51
 32 32 16 8 ,88, 4 3 4 6 ,17, 196 196 196 196 ,784,4,635.6986694,93.33,config_11734302,-1.120481849,145.2601318,16:11
 8 8 8 32 16 8 16 ,96, 6 6 4 6 3 3 6 ,34, 128 128 128 128 128 128 128 ,896,7,326.368103,92.86,config_11734303,-4.601246834,221.1711884,13:29
 32 8 32 16 32 16 8 ,144, 3 4 4 6 4 6 4 ,31, 32 32 32 32 32 32 32 ,224,7,17.85284424,90.79,config_11734304,-0.89292562,32.00434875,15:05
 8 16 16 32 16 32 32 ,152, 4 4 6 3 6 4 3 ,30, 196 196 196 196 196 196 196 ,1372,7,657.2680054,93.17,config_11734305,-3.234012365,377.2415771,20:07
 16 16 32 8 32 16 16 ,136, 3 4 6 6 3 6 3 ,31, 128 128 128 128 128 128 128 ,896,7,258.5734558,92.54,config_11734306,-2.733164072,199.8969879,14:03
 8 32 8 32 ,80, 6 6 6 6 ,24, 196 196 196 196 ,784,4,870.1903076,93.02,config_11734307,-0.501455784,141.2031097,13:55
 16 8 8 32 16 16 16 ,112, 4 3 6 3 3 3 4 ,26, 32 32 32 32 32 32 32 ,224,7,16.92994499,90.63,config_11734308,-0.941981673,27.8792038,13:12
 16 16 32 8 ,72, 3 4 3 3 ,13, 196 196 196 196 ,784,4,595.7335815,93.97,config_11734309,-0.839303374,144.5547638,17:11
 8 8 16 8 ,40, 4 3 3 3 ,13, 64 64 64 64 ,256,4,54.73575592,90.63,config_11734310,-0.18694374,18.81822205,12:31
 8 16 16 16 ,56, 3 6 3 3 ,15, 32 32 32 32 ,128,4,17.9812088,87.62,config_11734311,-0.096750736,8.00322628,12:09
 32 8 16 16 ,72, 3 4 4 3 ,14, 64 64 64 64 ,256,4,64.06450653,91.43,config_11734312,-0.036510482,27.74189186,15:20
 16 32 16 32 ,96, 6 6 3 6 ,21, 64 64 64 64 ,256,4,92.2784729,91.59,config_11734313,-0.081682555,30.33095169,11:01
 32 8 8 8 16 8 ,80, 3 4 4 4 6 4 ,25, 64 64 64 64 64 64 ,384,6,64.38404846,91.43,config_11734314,-0.309148639,28.56708908,12:47
 16 16 8 8 ,48, 3 4 6 3 ,16, 128 128 128 128 ,512,4,244.9291687,93.17,config_11734315,-0.462305874,64.65840149,12:19
 8 8 8 8 8 8 ,48, 4 3 6 6 6 6 ,31, 32 32 32 32 32 32 ,192,6,16.55411148,91.43,config_11734316,-0.104988486,8.876226425,17:07
 16 16 8 8 16 8 ,72, 4 4 6 6 6 6 ,32, 32 32 32 32 32 32 ,192,6,18.64128494,91.9,config_11734317,-0.11910484,10.02365398,12:34
 32 8 16 16 16 ,88, 4 3 3 4 4 ,18, 128 128 128 128 128 ,640,5,248.10289,93.65,config_11734318,-0.139313161,80.789505,12:14
